,Iteration,Fitness,FEvals,Time,State,Population Size,Mutation Rate,max_iters
0,0,7976.687516203508,20,0.0006151249981485307,"[34, 4, 58, 19, 28, 13, 6, 59, 47, 24, 36, 48, 31, 55, 33, 16, 9, 44, 53, 42, 20, 43, 56, 23, 52, 10, 5, 37, 15, 45, 57, 29, 49, 17, 8, 27, 40, 1, 12, 41, 2, 35, 25, 50, 30, 54, 21, 22, 7, 26, 11, 32, 51, 3, 18, 38, 0, 14, 39, 46]",20.0,0.3,1024
1,1,7247.646937919952,42,0.0037456249992828816,"[54, 38, 58, 43, 37, 9, 6, 50, 5, 12, 44, 56, 2, 31, 59, 4, 52, 57, 28, 23, 8, 10, 27, 30, 32, 36, 29, 17, 24, 34, 7, 41, 53, 3, 51, 22, 20, 11, 13, 46, 15, 21, 47, 0, 14, 42, 49, 55, 39, 1, 40, 25, 33, 48, 35, 18, 19, 16, 26, 45]",20.0,0.3,1024
2,4,6953.490898396949,108,0.010412957984954119,"[54, 38, 58, 43, 37, 9, 6, 50, 5, 12, 44, 56, 2, 31, 59, 4, 52, 57, 28, 51, 8, 10, 27, 30, 32, 36, 29, 17, 24, 34, 16, 41, 53, 3, 23, 22, 20, 11, 13, 46, 15, 21, 47, 0, 14, 42, 49, 55, 39, 1, 40, 25, 33, 45, 35, 26, 48, 18, 19, 7]",20.0,0.3,1024
3,16,6795.380664463195,362,0.03331800000160001,"[54, 38, 58, 43, 37, 9, 6, 50, 5, 12, 44, 56, 2, 31, 59, 4, 52, 14, 28, 51, 8, 10, 57, 24, 45, 13, 23, 27, 30, 32, 36, 29, 17, 34, 7, 41, 53, 3, 22, 20, 11, 46, 15, 21, 47, 0, 42, 49, 55, 39, 1, 40, 25, 33, 35, 26, 48, 18, 19, 16]",20.0,0.3,1024
4,64,5340.781416486514,1385,0.12348724997718818,"[54, 38, 1, 58, 43, 30, 37, 9, 57, 36, 18, 48, 50, 5, 12, 44, 56, 2, 24, 59, 4, 52, 14, 28, 51, 8, 31, 10, 6, 7, 45, 13, 23, 27, 33, 32, 0, 17, 34, 41, 29, 53, 3, 46, 20, 11, 16, 42, 22, 55, 26, 15, 21, 47, 49, 39, 40, 25, 35, 19]",20.0,0.3,1024
5,256,3323.5508504549703,5454,0.4852235830039717,"[54, 35, 1, 58, 57, 14, 30, 37, 45, 9, 19, 36, 48, 34, 12, 5, 28, 18, 44, 56, 50, 10, 32, 24, 2, 4, 52, 6, 26, 8, 25, 59, 7, 11, 31, 13, 23, 27, 0, 15, 51, 33, 43, 16, 17, 42, 41, 29, 53, 3, 46, 39, 20, 22, 55, 21, 47, 49, 40, 38]",20.0,0.3,1024
6,1024,2531.64344278437,21629,1.9942847499914933,"[26, 59, 1, 35, 58, 57, 45, 14, 9, 56, 44, 19, 36, 43, 48, 12, 5, 53, 3, 28, 42, 30, 29, 37, 17, 10, 54, 38, 4, 11, 2, 24, 32, 49, 6, 52, 7, 25, 8, 33, 15, 39, 46, 0, 51, 34, 31, 40, 16, 50, 13, 41, 18, 23, 27, 55, 22, 20, 21, 47]",20.0,0.3,1024
