,Iteration,Fitness,FEvals,Time,State,Population Size,Mutation Rate,max_iters
0,0,9117.588408594973,20,0.0006128340028226376,"[16, 13, 28, 66, 43, 4, 38, 18, 31, 57, 59, 12, 14, 48, 30, 60, 34, 26, 17, 25, 2, 32, 10, 46, 63, 29, 3, 58, 54, 5, 9, 22, 55, 27, 33, 39, 15, 68, 50, 0, 1, 21, 8, 45, 56, 23, 11, 7, 53, 6, 49, 44, 52, 61, 40, 64, 37, 47, 42, 41, 24, 51, 20, 36, 67, 35, 62, 69, 19, 65]",20.0,0.3,1024
1,1,8447.498828628923,42,0.004075750010088086,"[48, 14, 61, 21, 53, 68, 30, 27, 3, 15, 46, 18, 39, 41, 33, 60, 19, 35, 28, 26, 6, 57, 69, 22, 58, 7, 13, 63, 36, 4, 20, 2, 54, 45, 11, 10, 50, 29, 64, 59, 1, 5, 31, 8, 25, 62, 32, 9, 51, 44, 56, 38, 67, 43, 24, 66, 37, 55, 40, 34, 52, 12, 47, 16, 17, 65, 49, 0, 42, 23]",20.0,0.3,1024
2,4,8104.610587520979,107,0.011537374986801296,"[48, 14, 61, 21, 53, 68, 30, 27, 3, 15, 46, 18, 39, 41, 33, 60, 19, 35, 28, 26, 6, 57, 69, 22, 58, 7, 13, 63, 36, 4, 20, 2, 54, 45, 11, 10, 50, 29, 64, 59, 1, 5, 31, 8, 25, 62, 32, 9, 51, 44, 56, 38, 67, 43, 24, 17, 55, 0, 16, 34, 52, 40, 42, 49, 23, 12, 66, 37, 47, 65]",20.0,0.3,1024
3,16,7092.121959597369,365,0.03926241700537503,"[17, 55, 53, 27, 46, 20, 0, 28, 48, 31, 69, 25, 14, 61, 21, 68, 30, 3, 64, 18, 39, 41, 33, 60, 19, 35, 26, 6, 57, 22, 8, 13, 38, 59, 2, 43, 7, 58, 15, 16, 47, 34, 9, 44, 52, 54, 40, 11, 42, 62, 49, 5, 23, 10, 63, 36, 4, 45, 50, 29, 51, 66, 65, 32, 12, 56, 37, 1, 24, 67]",20.0,0.3,1024
4,64,5856.925436951055,1388,0.14256370899965987,"[67, 55, 53, 27, 46, 20, 22, 39, 28, 49, 31, 69, 14, 15, 21, 68, 30, 64, 48, 61, 3, 18, 0, 41, 42, 36, 33, 60, 19, 35, 26, 6, 43, 8, 32, 2, 59, 38, 57, 7, 58, 45, 16, 47, 34, 9, 44, 52, 54, 40, 11, 62, 5, 23, 10, 63, 25, 4, 17, 50, 29, 51, 66, 65, 13, 12, 56, 37, 1, 24]",20.0,0.3,1024
5,256,4418.1444181586985,5467,0.5481929589877836,"[67, 55, 53, 27, 46, 20, 3, 28, 39, 22, 29, 26, 31, 69, 14, 15, 51, 30, 21, 41, 0, 64, 48, 61, 18, 68, 66, 42, 49, 44, 36, 13, 60, 2, 24, 59, 6, 43, 8, 35, 32, 19, 38, 57, 4, 7, 58, 25, 11, 16, 63, 50, 47, 65, 40, 9, 52, 54, 34, 62, 5, 23, 10, 45, 1, 17, 33, 12, 37, 56]",20.0,0.3,1024
6,1024,3194.001533153362,21650,2.227792291989317,"[29, 55, 53, 46, 20, 27, 3, 5, 23, 22, 39, 33, 61, 31, 19, 32, 17, 6, 41, 67, 21, 30, 64, 0, 48, 18, 60, 62, 68, 66, 42, 15, 44, 36, 26, 13, 43, 52, 2, 38, 9, 59, 24, 8, 35, 69, 4, 57, 54, 40, 7, 58, 25, 1, 16, 63, 49, 34, 47, 65, 50, 51, 28, 12, 37, 14, 11, 45, 10, 56]",20.0,0.3,1024
