,Iteration,Fitness,FEvals,Time,State,use_fast_mimic,Population Size,Keep Percent,max_iters
0,0,9117.588408594973,200,0.005263750004814938,"[16, 13, 28, 66, 43, 4, 38, 18, 31, 57, 59, 12, 14, 48, 30, 60, 34, 26, 17, 25, 2, 32, 10, 46, 63, 29, 3, 58, 54, 5, 9, 22, 55, 27, 33, 39, 15, 68, 50, 0, 1, 21, 8, 45, 56, 23, 11, 7, 53, 6, 49, 44, 52, 61, 40, 64, 37, 47, 42, 41, 24, 51, 20, 36, 67, 35, 62, 69, 19, 65]",True,200.0,0.2,1024
1,1,7948.185798086087,402,1.6456527079863008,"[46, 18, 4, 40, 3, 44, 27, 41, 37, 43, 34, 47, 65, 21, 31, 17, 23, 56, 14, 24, 1, 7, 10, 9, 25, 51, 67, 42, 57, 5, 39, 22, 49, 48, 26, 54, 59, 50, 45, 63, 8, 60, 33, 0, 64, 36, 61, 55, 19, 38, 53, 30, 66, 68, 13, 32, 6, 28, 15, 35, 58, 20, 52, 11, 16, 12, 29, 2, 69, 62]",True,200.0,0.2,1024
2,4,7948.185798086087,1005,7.992738125001779,"[46, 18, 4, 40, 3, 44, 27, 41, 37, 43, 34, 47, 65, 21, 31, 17, 23, 56, 14, 24, 1, 7, 10, 9, 25, 51, 67, 42, 57, 5, 39, 22, 49, 48, 26, 54, 59, 50, 45, 63, 8, 60, 33, 0, 64, 36, 61, 55, 19, 38, 53, 30, 66, 68, 13, 32, 6, 28, 15, 35, 58, 20, 52, 11, 16, 12, 29, 2, 69, 62]",True,200.0,0.2,1024
3,16,7948.185798086087,2412,49.10207074999926,"[46, 18, 4, 40, 3, 44, 27, 41, 37, 43, 34, 47, 65, 21, 31, 17, 23, 56, 14, 24, 1, 7, 10, 9, 25, 51, 67, 42, 57, 5, 39, 22, 49, 48, 26, 54, 59, 50, 45, 63, 8, 60, 33, 0, 64, 36, 61, 55, 19, 38, 53, 30, 66, 68, 13, 32, 6, 28, 15, 35, 58, 20, 52, 11, 16, 12, 29, 2, 69, 62]",True,200.0,0.2,1024
4,64,7948.185798086087,2412,49.10207074999926,"[46, 18, 4, 40, 3, 44, 27, 41, 37, 43, 34, 47, 65, 21, 31, 17, 23, 56, 14, 24, 1, 7, 10, 9, 25, 51, 67, 42, 57, 5, 39, 22, 49, 48, 26, 54, 59, 50, 45, 63, 8, 60, 33, 0, 64, 36, 61, 55, 19, 38, 53, 30, 66, 68, 13, 32, 6, 28, 15, 35, 58, 20, 52, 11, 16, 12, 29, 2, 69, 62]",True,200.0,0.2,1024
5,256,7948.185798086087,2412,49.10207074999926,"[46, 18, 4, 40, 3, 44, 27, 41, 37, 43, 34, 47, 65, 21, 31, 17, 23, 56, 14, 24, 1, 7, 10, 9, 25, 51, 67, 42, 57, 5, 39, 22, 49, 48, 26, 54, 59, 50, 45, 63, 8, 60, 33, 0, 64, 36, 61, 55, 19, 38, 53, 30, 66, 68, 13, 32, 6, 28, 15, 35, 58, 20, 52, 11, 16, 12, 29, 2, 69, 62]",True,200.0,0.2,1024
6,1024,7948.185798086087,2412,49.10207074999926,"[46, 18, 4, 40, 3, 44, 27, 41, 37, 43, 34, 47, 65, 21, 31, 17, 23, 56, 14, 24, 1, 7, 10, 9, 25, 51, 67, 42, 57, 5, 39, 22, 49, 48, 26, 54, 59, 50, 45, 63, 8, 60, 33, 0, 64, 36, 61, 55, 19, 38, 53, 30, 66, 68, 13, 32, 6, 28, 15, 35, 58, 20, 52, 11, 16, 12, 29, 2, 69, 62]",True,200.0,0.2,1024
