,Iteration,Fitness,FEvals,Time,State,use_fast_mimic,Population Size,Keep Percent,max_iters
0,0,8291.32439645563,200,0.005162124987691641,"[25, 8, 52, 42, 0, 10, 23, 58, 17, 41, 35, 47, 9, 50, 55, 16, 38, 12, 48, 28, 39, 44, 46, 21, 13, 54, 51, 40, 53, 3, 20, 49, 19, 31, 15, 26, 27, 7, 30, 45, 37, 6, 11, 22, 1, 57, 32, 2, 29, 5, 33, 18, 4, 43, 56, 34, 36, 24, 59, 14]",True,200.0,0.2,1024
1,1,6689.843618755012,402,0.9683797909819987,"[16, 27, 5, 28, 0, 49, 2, 4, 25, 48, 57, 34, 17, 11, 30, 38, 24, 7, 40, 19, 53, 42, 46, 23, 50, 33, 9, 45, 10, 56, 14, 37, 13, 20, 55, 1, 43, 12, 32, 51, 22, 26, 15, 39, 3, 18, 54, 52, 41, 44, 47, 8, 21, 58, 6, 29, 36, 59, 31, 35]",True,200.0,0.2,1024
2,4,6689.843618755012,1005,4.104419665993191,"[16, 27, 5, 28, 0, 49, 2, 4, 25, 48, 57, 34, 17, 11, 30, 38, 24, 7, 40, 19, 53, 42, 46, 23, 50, 33, 9, 45, 10, 56, 14, 37, 13, 20, 55, 1, 43, 12, 32, 51, 22, 26, 15, 39, 3, 18, 54, 52, 41, 44, 47, 8, 21, 58, 6, 29, 36, 59, 31, 35]",True,200.0,0.2,1024
3,16,6689.843618755012,2412,23.169259165995754,"[16, 27, 5, 28, 0, 49, 2, 4, 25, 48, 57, 34, 17, 11, 30, 38, 24, 7, 40, 19, 53, 42, 46, 23, 50, 33, 9, 45, 10, 56, 14, 37, 13, 20, 55, 1, 43, 12, 32, 51, 22, 26, 15, 39, 3, 18, 54, 52, 41, 44, 47, 8, 21, 58, 6, 29, 36, 59, 31, 35]",True,200.0,0.2,1024
4,64,6689.843618755012,2412,23.169259165995754,"[16, 27, 5, 28, 0, 49, 2, 4, 25, 48, 57, 34, 17, 11, 30, 38, 24, 7, 40, 19, 53, 42, 46, 23, 50, 33, 9, 45, 10, 56, 14, 37, 13, 20, 55, 1, 43, 12, 32, 51, 22, 26, 15, 39, 3, 18, 54, 52, 41, 44, 47, 8, 21, 58, 6, 29, 36, 59, 31, 35]",True,200.0,0.2,1024
5,256,6689.843618755012,2412,23.169259165995754,"[16, 27, 5, 28, 0, 49, 2, 4, 25, 48, 57, 34, 17, 11, 30, 38, 24, 7, 40, 19, 53, 42, 46, 23, 50, 33, 9, 45, 10, 56, 14, 37, 13, 20, 55, 1, 43, 12, 32, 51, 22, 26, 15, 39, 3, 18, 54, 52, 41, 44, 47, 8, 21, 58, 6, 29, 36, 59, 31, 35]",True,200.0,0.2,1024
6,1024,6689.843618755012,2412,23.169259165995754,"[16, 27, 5, 28, 0, 49, 2, 4, 25, 48, 57, 34, 17, 11, 30, 38, 24, 7, 40, 19, 53, 42, 46, 23, 50, 33, 9, 45, 10, 56, 14, 37, 13, 20, 55, 1, 43, 12, 32, 51, 22, 26, 15, 39, 3, 18, 54, 52, 41, 44, 47, 8, 21, 58, 6, 29, 36, 59, 31, 35]",True,200.0,0.2,1024
