,Iteration,Fitness,FEvals,Time,State,Population Size,Mutation Rate,max_iters
0,0,1653.6411903711698,20,0.0002737500180955976,"[5, 4, 7, 2, 9, 3, 6, 8, 0, 1]",20.0,0.3,1024
1,1,1018.1114265181636,42,0.0020568330073729157,"[0, 1, 9, 4, 7, 6, 8, 2, 3, 5]",20.0,0.3,1024
2,4,841.6814832351786,107,0.004883250017883256,"[5, 3, 0, 2, 8, 7, 4, 1, 6, 9]",20.0,0.3,1024
3,16,774.7396621993448,362,0.01322962500853464,"[5, 3, 0, 2, 8, 7, 4, 1, 9, 6]",20.0,0.3,1024
4,64,718.6772744381386,1371,0.04329916700953618,"[0, 3, 5, 2, 8, 7, 4, 1, 9, 6]",20.0,0.3,1024
5,256,718.6772744381386,2484,0.07700450002448633,"[0, 3, 5, 2, 8, 7, 4, 1, 9, 6]",20.0,0.3,1024
6,1024,718.6772744381386,2484,0.07700450002448633,"[0, 3, 5, 2, 8, 7, 4, 1, 9, 6]",20.0,0.3,1024
