,Iteration,Fitness,FEvals,Time,State,use_fast_mimic,Population Size,Keep Percent,max_iters
0,0,1653.6411903711698,200,0.0021678750053979456,"[5, 4, 7, 2, 9, 3, 6, 8, 0, 1]",True,200.0,0.2,1024
1,1,880.0383975812126,402,0.03370066700153984,"[4, 2, 8, 7, 1, 6, 3, 5, 0, 9]",True,200.0,0.2,1024
2,4,859.6055405140363,1007,0.123058500001207,"[0, 3, 5, 6, 9, 7, 8, 2, 4, 1]",True,200.0,0.2,1024
3,16,859.6055405140363,2816,0.3995832079963293,"[0, 3, 5, 6, 9, 7, 8, 2, 4, 1]",True,200.0,0.2,1024
4,64,859.6055405140363,2816,0.3995832079963293,"[0, 3, 5, 6, 9, 7, 8, 2, 4, 1]",True,200.0,0.2,1024
5,256,859.6055405140363,2816,0.3995832079963293,"[0, 3, 5, 6, 9, 7, 8, 2, 4, 1]",True,200.0,0.2,1024
6,1024,859.6055405140363,2816,0.3995832079963293,"[0, 3, 5, 6, 9, 7, 8, 2, 4, 1]",True,200.0,0.2,1024
