,Iteration,Fitness,FEvals,Time,State,Population Size,Mutation Rate,max_iters
0,0,4216.652923703157,20,0.00035229200148023665,"[11, 13, 23, 9, 16, 6, 18, 7, 1, 15, 22, 20, 25, 5, 21, 27, 14, 2, 12, 8, 0, 26, 17, 19, 10, 29, 24, 4, 3, 28]",20.0,0.3,1024
1,1,3803.35215102082,42,0.002543332986533642,"[23, 7, 4, 13, 17, 10, 25, 22, 8, 2, 14, 0, 5, 20, 28, 29, 9, 24, 27, 6, 19, 16, 15, 11, 1, 18, 26, 21, 12, 3]",20.0,0.3,1024
2,4,3492.1148329351863,107,0.006798457994591445,"[15, 11, 8, 1, 27, 21, 20, 23, 12, 29, 18, 10, 19, 25, 7, 4, 13, 17, 22, 2, 14, 0, 5, 3, 28, 26, 16, 9, 24, 6]",20.0,0.3,1024
3,16,3027.450819989219,363,0.020878292009001598,"[3, 29, 6, 15, 17, 11, 8, 1, 27, 18, 10, 19, 21, 12, 20, 23, 26, 28, 7, 4, 25, 16, 9, 0, 14, 2, 24, 13, 22, 5]",20.0,0.3,1024
4,64,2152.306878723913,1385,0.07572299998719245,"[6, 10, 17, 11, 7, 8, 1, 19, 26, 18, 23, 27, 28, 29, 5, 22, 3, 0, 21, 12, 20, 13, 4, 25, 16, 9, 14, 2, 24, 15]",20.0,0.3,1024
5,256,1541.5899665713778,5443,0.29065708300913684,"[2, 19, 11, 4, 7, 8, 1, 24, 10, 6, 26, 13, 18, 22, 27, 5, 28, 15, 29, 20, 3, 23, 0, 12, 21, 17, 25, 16, 9, 14]",20.0,0.3,1024
6,1024,1424.189792942552,10574,0.5754680829995777,"[14, 19, 4, 11, 7, 1, 8, 24, 2, 10, 6, 26, 13, 18, 22, 27, 5, 28, 15, 29, 20, 3, 23, 0, 12, 21, 16, 25, 9, 17]",20.0,0.3,1024
