,Iteration,Fitness,FEvals,Time,State,Population Size,Mutation Rate,max_iters
0,0,4136.230917455074,20,0.00035337498411536217,"[21, 10, 18, 3, 17, 25, 24, 9, 20, 22, 15, 23, 14, 16, 8, 1, 12, 29, 19, 13, 4, 27, 28, 2, 7, 0, 11, 6, 5, 26]",20.0,0.3,1024
1,1,3274.18467986914,42,0.002583749999757856,"[13, 12, 16, 17, 3, 10, 7, 15, 5, 20, 25, 4, 11, 18, 9, 0, 22, 6, 2, 8, 24, 19, 14, 26, 1, 28, 29, 27, 23, 21]",20.0,0.3,1024
2,4,3185.8564858202276,107,0.0068891669798176736,"[25, 4, 1, 2, 9, 3, 16, 11, 24, 18, 13, 12, 17, 10, 7, 15, 5, 20, 0, 22, 6, 8, 19, 14, 26, 28, 29, 27, 23, 21]",20.0,0.3,1024
3,16,2705.4518571348667,365,0.0209704999870155,"[0, 12, 11, 24, 25, 16, 4, 1, 2, 9, 3, 18, 13, 26, 7, 10, 15, 5, 20, 22, 6, 8, 19, 14, 17, 29, 28, 27, 23, 21]",20.0,0.3,1024
4,64,2102.4404444159754,1386,0.07681262498954311,"[0, 12, 11, 7, 25, 16, 4, 1, 24, 2, 17, 9, 21, 18, 13, 26, 10, 15, 5, 20, 22, 6, 8, 19, 14, 29, 28, 27, 3, 23]",20.0,0.3,1024
5,256,1713.1817270119884,5436,0.29172458400717005,"[0, 12, 7, 11, 25, 16, 9, 4, 1, 8, 24, 2, 17, 21, 18, 13, 26, 6, 10, 14, 19, 20, 22, 27, 15, 29, 28, 5, 3, 23]",20.0,0.3,1024
6,1024,1389.6488462171712,16016,0.8745884170057252,"[0, 12, 21, 9, 16, 25, 11, 4, 7, 1, 8, 24, 2, 14, 19, 17, 13, 10, 6, 26, 3, 20, 22, 27, 5, 28, 15, 29, 18, 23]",20.0,0.3,1024
