,Iteration,Fitness,FEvals,Time,State,use_fast_mimic,Population Size,Keep Percent,max_iters
0,0,4136.230917455074,200,0.0031267919985111803,"[21, 10, 18, 3, 17, 25, 24, 9, 20, 22, 15, 23, 14, 16, 8, 1, 12, 29, 19, 13, 4, 27, 28, 2, 7, 0, 11, 6, 5, 26]",True,200.0,0.2,1024
1,1,3320.1141937225316,402,0.14890674999332987,"[0, 12, 11, 24, 25, 16, 9, 5, 14, 17, 26, 2, 29, 21, 23, 8, 20, 3, 4, 1, 6, 19, 7, 22, 27, 15, 28, 10, 13, 18]",True,200.0,0.2,1024
2,4,3118.719505640922,1006,0.700389500008896,"[29, 5, 28, 22, 25, 4, 7, 19, 10, 6, 3, 14, 27, 20, 0, 9, 18, 13, 16, 11, 2, 26, 17, 21, 12, 23, 8, 24, 15, 1]",True,200.0,0.2,1024
3,16,3118.719505640922,2614,2.935426207986893,"[29, 5, 28, 22, 25, 4, 7, 19, 10, 6, 3, 14, 27, 20, 0, 9, 18, 13, 16, 11, 2, 26, 17, 21, 12, 23, 8, 24, 15, 1]",True,200.0,0.2,1024
4,64,3118.719505640922,2614,2.935426207986893,"[29, 5, 28, 22, 25, 4, 7, 19, 10, 6, 3, 14, 27, 20, 0, 9, 18, 13, 16, 11, 2, 26, 17, 21, 12, 23, 8, 24, 15, 1]",True,200.0,0.2,1024
5,256,3118.719505640922,2614,2.935426207986893,"[29, 5, 28, 22, 25, 4, 7, 19, 10, 6, 3, 14, 27, 20, 0, 9, 18, 13, 16, 11, 2, 26, 17, 21, 12, 23, 8, 24, 15, 1]",True,200.0,0.2,1024
6,1024,3118.719505640922,2614,2.935426207986893,"[29, 5, 28, 22, 25, 4, 7, 19, 10, 6, 3, 14, 27, 20, 0, 9, 18, 13, 16, 11, 2, 26, 17, 21, 12, 23, 8, 24, 15, 1]",True,200.0,0.2,1024
