,Iteration,Fitness,FEvals,Time,State,use_fast_mimic,Population Size,Keep Percent,max_iters
0,0,7130.4291643618335,200,0.004273500002454966,"[4, 30, 38, 12, 47, 17, 25, 46, 27, 2, 40, 10, 34, 13, 18, 3, 22, 32, 5, 9, 39, 26, 31, 29, 28, 15, 45, 41, 0, 44, 21, 8, 33, 23, 11, 7, 6, 42, 37, 24, 20, 36, 43, 35, 49, 19, 14, 48, 16, 1]",True,200.0,0.2,1024
1,1,5687.2102437303365,402,0.5398164590005763,"[5, 20, 9, 47, 33, 15, 3, 45, 4, 0, 37, 28, 40, 41, 42, 31, 16, 34, 2, 30, 21, 29, 10, 25, 35, 49, 43, 48, 36, 32, 12, 14, 13, 6, 23, 8, 27, 22, 44, 7, 1, 46, 39, 17, 18, 11, 19, 24, 38, 26]",True,200.0,0.2,1024
2,4,5497.716902152946,1007,2.7778727090044413,"[30, 34, 44, 1, 25, 14, 41, 15, 8, 35, 40, 38, 0, 28, 37, 21, 18, 20, 32, 5, 29, 10, 12, 46, 23, 33, 39, 9, 24, 48, 16, 11, 17, 19, 47, 45, 36, 43, 42, 4, 2, 6, 49, 26, 13, 3, 27, 22, 7, 31]",True,200.0,0.2,1024
3,16,5497.716902152946,3017,17.243260709015885,"[30, 34, 44, 1, 25, 14, 41, 15, 8, 35, 40, 38, 0, 28, 37, 21, 18, 20, 32, 5, 29, 10, 12, 46, 23, 33, 39, 9, 24, 48, 16, 11, 17, 19, 47, 45, 36, 43, 42, 4, 2, 6, 49, 26, 13, 3, 27, 22, 7, 31]",True,200.0,0.2,1024
4,64,5497.716902152946,3017,17.243260709015885,"[30, 34, 44, 1, 25, 14, 41, 15, 8, 35, 40, 38, 0, 28, 37, 21, 18, 20, 32, 5, 29, 10, 12, 46, 23, 33, 39, 9, 24, 48, 16, 11, 17, 19, 47, 45, 36, 43, 42, 4, 2, 6, 49, 26, 13, 3, 27, 22, 7, 31]",True,200.0,0.2,1024
5,256,5497.716902152946,3017,17.243260709015885,"[30, 34, 44, 1, 25, 14, 41, 15, 8, 35, 40, 38, 0, 28, 37, 21, 18, 20, 32, 5, 29, 10, 12, 46, 23, 33, 39, 9, 24, 48, 16, 11, 17, 19, 47, 45, 36, 43, 42, 4, 2, 6, 49, 26, 13, 3, 27, 22, 7, 31]",True,200.0,0.2,1024
6,1024,5497.716902152946,3017,17.243260709015885,"[30, 34, 44, 1, 25, 14, 41, 15, 8, 35, 40, 38, 0, 28, 37, 21, 18, 20, 32, 5, 29, 10, 12, 46, 23, 33, 39, 9, 24, 48, 16, 11, 17, 19, 47, 45, 36, 43, 42, 4, 2, 6, 49, 26, 13, 3, 27, 22, 7, 31]",True,200.0,0.2,1024
