,Iteration,Fitness,FEvals,Time,State,Population Size,Mutation Rate,max_iters
0,0,5841.012345271474,20,0.0004234169900882989,"[4, 9, 28, 18, 25, 34, 37, 16, 5, 13, 33, 15, 11, 6, 30, 7, 1, 23, 27, 26, 29, 38, 21, 32, 20, 14, 2, 12, 8, 0, 22, 31, 39, 17, 19, 10, 3, 24, 36, 35]",20.0,0.3,1024
1,1,4507.748761206303,42,0.0029232079978100955,"[29, 38, 7, 8, 35, 24, 16, 5, 36, 21, 33, 18, 2, 19, 11, 17, 22, 39, 9, 23, 0, 31, 14, 34, 4, 13, 15, 6, 26, 10, 37, 30, 28, 25, 1, 20, 27, 3, 12, 32]",20.0,0.3,1024
2,4,4362.906730877446,108,0.00792054200428538,"[35, 32, 19, 23, 8, 4, 10, 14, 7, 30, 20, 38, 5, 33, 29, 25, 11, 1, 22, 18, 34, 17, 37, 16, 0, 3, 24, 26, 39, 21, 12, 13, 28, 27, 2, 31, 9, 36, 6, 15]",20.0,0.3,1024
3,16,3672.122395817581,367,0.02492729199002497,"[29, 38, 7, 8, 35, 32, 19, 23, 4, 10, 14, 30, 20, 5, 33, 25, 11, 1, 9, 2, 22, 15, 24, 18, 34, 17, 37, 16, 0, 3, 12, 39, 21, 26, 13, 28, 27, 6, 31, 36]",20.0,0.3,1024
4,64,2867.1610123875557,1389,0.09087812498910353,"[9, 34, 7, 8, 35, 32, 10, 37, 4, 19, 38, 14, 30, 20, 23, 5, 29, 33, 25, 11, 1, 2, 6, 13, 26, 24, 16, 17, 18, 0, 3, 12, 39, 21, 15, 28, 27, 22, 31, 36]",20.0,0.3,1024
5,256,2170.386942722094,5448,0.3540500829985831,"[30, 36, 35, 8, 7, 32, 10, 9, 4, 38, 14, 17, 37, 21, 0, 5, 29, 18, 34, 33, 19, 16, 25, 11, 24, 31, 6, 13, 15, 26, 2, 1, 23, 3, 12, 39, 20, 28, 22, 27]",20.0,0.3,1024
6,1024,1645.8788988641809,19965,1.330047708004713,"[21, 2, 1, 35, 8, 7, 32, 36, 10, 9, 16, 38, 14, 17, 37, 12, 0, 5, 18, 29, 34, 33, 19, 4, 25, 11, 24, 31, 6, 13, 26, 15, 30, 39, 23, 3, 27, 20, 22, 28]",20.0,0.3,1024
