,Iteration,Fitness,FEvals,Time,State,use_fast_mimic,Population Size,Keep Percent,max_iters
0,0,5841.012345271474,200,0.004784999997355044,"[4, 9, 28, 18, 25, 34, 37, 16, 5, 13, 33, 15, 11, 6, 30, 7, 1, 23, 27, 26, 29, 38, 21, 32, 20, 14, 2, 12, 8, 0, 22, 31, 39, 17, 19, 10, 3, 24, 36, 35]",True,200.0,0.2,1024
1,1,4087.1475827147683,402,0.29625445799320005,"[10, 36, 13, 6, 32, 8, 19, 7, 39, 14, 34, 23, 12, 17, 37, 18, 28, 27, 26, 24, 11, 35, 20, 15, 16, 29, 33, 5, 21, 3, 0, 22, 2, 25, 4, 9, 38, 31, 1, 30]",True,200.0,0.2,1024
2,4,3948.5829870380285,1006,1.251006457983749,"[33, 25, 1, 9, 32, 31, 8, 10, 16, 35, 7, 38, 36, 17, 39, 11, 24, 6, 27, 21, 13, 15, 26, 37, 30, 22, 3, 28, 12, 34, 29, 2, 14, 19, 5, 4, 0, 18, 20, 23]",True,200.0,0.2,1024
3,16,3948.5829870380285,3016,7.9536500409885775,"[33, 25, 1, 9, 32, 31, 8, 10, 16, 35, 7, 38, 36, 17, 39, 11, 24, 6, 27, 21, 13, 15, 26, 37, 30, 22, 3, 28, 12, 34, 29, 2, 14, 19, 5, 4, 0, 18, 20, 23]",True,200.0,0.2,1024
4,64,3948.5829870380285,3016,7.9536500409885775,"[33, 25, 1, 9, 32, 31, 8, 10, 16, 35, 7, 38, 36, 17, 39, 11, 24, 6, 27, 21, 13, 15, 26, 37, 30, 22, 3, 28, 12, 34, 29, 2, 14, 19, 5, 4, 0, 18, 20, 23]",True,200.0,0.2,1024
5,256,3948.5829870380285,3016,7.9536500409885775,"[33, 25, 1, 9, 32, 31, 8, 10, 16, 35, 7, 38, 36, 17, 39, 11, 24, 6, 27, 21, 13, 15, 26, 37, 30, 22, 3, 28, 12, 34, 29, 2, 14, 19, 5, 4, 0, 18, 20, 23]",True,200.0,0.2,1024
6,1024,3948.5829870380285,3016,7.9536500409885775,"[33, 25, 1, 9, 32, 31, 8, 10, 16, 35, 7, 38, 36, 17, 39, 11, 24, 6, 27, 21, 13, 15, 26, 37, 30, 22, 3, 28, 12, 34, 29, 2, 14, 19, 5, 4, 0, 18, 20, 23]",True,200.0,0.2,1024
