,Iteration,Fitness,FEvals,Time,State,Population Size,Mutation Rate,max_iters
0,0,7130.4291643618335,20,0.0005014160124119371,"[4, 30, 38, 12, 47, 17, 25, 46, 27, 2, 40, 10, 34, 13, 18, 3, 22, 32, 5, 9, 39, 26, 31, 29, 28, 15, 45, 41, 0, 44, 21, 8, 33, 23, 11, 7, 6, 42, 37, 24, 20, 36, 43, 35, 49, 19, 14, 48, 16, 1]",20.0,0.3,1024
1,1,5978.891896568511,42,0.0033066250034607947,"[49, 41, 7, 36, 1, 25, 17, 10, 43, 11, 47, 24, 20, 0, 22, 18, 6, 29, 42, 19, 3, 30, 14, 35, 38, 2, 27, 16, 44, 32, 4, 34, 26, 33, 48, 39, 40, 13, 37, 28, 46, 23, 8, 31, 5, 12, 21, 45, 9, 15]",20.0,0.3,1024
2,4,5728.630459835837,107,0.009066958009498194,"[49, 41, 7, 36, 1, 25, 17, 10, 43, 11, 47, 24, 20, 0, 22, 4, 23, 39, 3, 48, 33, 27, 28, 14, 26, 16, 37, 12, 18, 29, 38, 9, 15, 19, 2, 44, 6, 5, 30, 46, 13, 31, 40, 42, 34, 21, 32, 8, 35, 45]",20.0,0.3,1024
3,16,5370.018129669225,364,0.02905816599377431,"[49, 46, 37, 36, 1, 25, 17, 10, 43, 11, 47, 24, 20, 0, 22, 4, 23, 39, 3, 48, 33, 41, 27, 28, 13, 18, 34, 29, 26, 16, 7, 12, 38, 9, 15, 19, 2, 44, 6, 5, 30, 14, 31, 42, 32, 21, 35, 8, 40, 45]",20.0,0.3,1024
4,64,4343.246703201641,1391,0.10656945800292306,"[45, 29, 37, 6, 36, 1, 25, 49, 17, 10, 43, 16, 11, 47, 24, 46, 20, 0, 22, 41, 7, 4, 23, 39, 12, 48, 33, 27, 28, 13, 18, 34, 3, 26, 2, 9, 8, 40, 38, 15, 19, 44, 5, 30, 14, 31, 42, 21, 32, 35]",20.0,0.3,1024
5,256,3110.4807900162573,5458,0.41297750000376254,"[17, 29, 37, 48, 43, 1, 25, 11, 45, 10, 36, 16, 49, 6, 47, 39, 0, 27, 22, 41, 44, 4, 7, 24, 23, 46, 3, 5, 15, 33, 13, 28, 20, 18, 34, 21, 2, 38, 8, 40, 9, 19, 26, 12, 30, 42, 31, 32, 35, 14]",20.0,0.3,1024
6,1024,2284.051942742576,21631,1.6882979999936651,"[10, 17, 37, 41, 48, 49, 43, 36, 35, 1, 25, 11, 45, 26, 29, 33, 47, 39, 23, 27, 46, 0, 15, 13, 6, 2, 4, 7, 8, 24, 28, 22, 20, 3, 5, 42, 12, 30, 18, 21, 44, 38, 40, 9, 19, 34, 31, 32, 16, 14]",20.0,0.3,1024
