,Iteration,Fitness,FEvals,Time,State,use_fast_mimic,Population Size,Keep Percent,max_iters
0,0,4216.652923703157,200,0.0031184590188786387,"[11, 13, 23, 9, 16, 6, 18, 7, 1, 15, 22, 20, 25, 5, 21, 27, 14, 2, 12, 8, 0, 26, 17, 19, 10, 29, 24, 4, 3, 28]",True,200.0,0.2,1024
1,1,3045.3334735285457,402,0.14915495901368558,"[0, 8, 14, 17, 7, 9, 1, 26, 6, 22, 28, 21, 4, 11, 24, 16, 25, 12, 5, 29, 13, 18, 27, 3, 20, 15, 10, 2, 19, 23]",True,200.0,0.2,1024
2,4,3002.5994287265366,1006,0.5726055420236662,"[0, 8, 14, 1, 7, 9, 2, 26, 6, 22, 28, 21, 4, 11, 24, 16, 25, 12, 5, 29, 13, 18, 27, 3, 20, 15, 10, 17, 19, 23]",True,200.0,0.2,1024
3,16,3002.5994287265366,2614,2.644341084000189,"[0, 8, 14, 1, 7, 9, 2, 26, 6, 22, 28, 21, 4, 11, 24, 16, 25, 12, 5, 29, 13, 18, 27, 3, 20, 15, 10, 17, 19, 23]",True,200.0,0.2,1024
4,64,3002.5994287265366,2614,2.644341084000189,"[0, 8, 14, 1, 7, 9, 2, 26, 6, 22, 28, 21, 4, 11, 24, 16, 25, 12, 5, 29, 13, 18, 27, 3, 20, 15, 10, 17, 19, 23]",True,200.0,0.2,1024
5,256,3002.5994287265366,2614,2.644341084000189,"[0, 8, 14, 1, 7, 9, 2, 26, 6, 22, 28, 21, 4, 11, 24, 16, 25, 12, 5, 29, 13, 18, 27, 3, 20, 15, 10, 17, 19, 23]",True,200.0,0.2,1024
6,1024,3002.5994287265366,2614,2.644341084000189,"[0, 8, 14, 1, 7, 9, 2, 26, 6, 22, 28, 21, 4, 11, 24, 16, 25, 12, 5, 29, 13, 18, 27, 3, 20, 15, 10, 17, 19, 23]",True,200.0,0.2,1024
