,Iteration,Fitness,FEvals,Time,State,Population Size,Mutation Rate,max_iters
0,0,2722.9122473025977,20,0.0003050840168725699,"[12, 14, 13, 7, 11, 15, 5, 9, 18, 2, 8, 0, 6, 16, 1, 17, 10, 19, 4, 3]",20.0,0.3,1024
1,1,1964.7513839007859,42,0.0023079169914126396,"[0, 3, 18, 19, 5, 15, 4, 16, 11, 7, 8, 9, 6, 10, 2, 14, 1, 17, 13, 12]",20.0,0.3,1024
2,4,1902.0762210091711,106,0.0059433339920360595,"[13, 7, 6, 19, 3, 0, 2, 14, 4, 16, 15, 5, 12, 18, 11, 1, 8, 17, 9, 10]",20.0,0.3,1024
3,16,1870.9076858193944,360,0.017109417007304728,"[0, 3, 18, 9, 5, 15, 4, 16, 11, 7, 8, 19, 13, 6, 10, 2, 1, 14, 17, 12]",20.0,0.3,1024
4,64,1424.5360054527025,1376,0.059041959000751376,"[6, 13, 10, 7, 2, 19, 0, 3, 18, 15, 5, 12, 16, 11, 4, 9, 8, 1, 14, 17]",20.0,0.3,1024
5,256,1249.6205233614448,5124,0.21546441700775176,"[6, 17, 1, 8, 7, 2, 19, 10, 0, 3, 5, 15, 18, 12, 16, 4, 11, 14, 9, 13]",20.0,0.3,1024
6,1024,1249.6205233614448,5124,0.21546441700775176,"[6, 17, 1, 8, 7, 2, 19, 10, 0, 3, 5, 15, 18, 12, 16, 4, 11, 14, 9, 13]",20.0,0.3,1024
