,Iteration,Fitness,FEvals,Time,State,use_fast_mimic,Population Size,Keep Percent,max_iters
0,0,2722.9122473025977,200,0.0026420840003993362,"[12, 14, 13, 7, 11, 15, 5, 9, 18, 2, 8, 0, 6, 16, 1, 17, 10, 19, 4, 3]",True,200.0,0.2,1024
1,1,2023.9521646823162,402,0.07226466698921286,"[0, 3, 18, 19, 5, 15, 4, 16, 2, 7, 8, 9, 6, 10, 13, 14, 17, 1, 11, 12]",True,200.0,0.2,1024
2,4,1737.9875526411495,1007,0.2784445839934051,"[12, 18, 3, 0, 10, 19, 13, 17, 1, 8, 7, 6, 2, 14, 11, 9, 4, 16, 15, 5]",True,200.0,0.2,1024
3,16,1737.9875526411495,2816,1.029024291987298,"[12, 18, 3, 0, 10, 19, 13, 17, 1, 8, 7, 6, 2, 14, 11, 9, 4, 16, 15, 5]",True,200.0,0.2,1024
4,64,1737.9875526411495,2816,1.029024291987298,"[12, 18, 3, 0, 10, 19, 13, 17, 1, 8, 7, 6, 2, 14, 11, 9, 4, 16, 15, 5]",True,200.0,0.2,1024
5,256,1737.9875526411495,2816,1.029024291987298,"[12, 18, 3, 0, 10, 19, 13, 17, 1, 8, 7, 6, 2, 14, 11, 9, 4, 16, 15, 5]",True,200.0,0.2,1024
6,1024,1737.9875526411495,2816,1.029024291987298,"[12, 18, 3, 0, 10, 19, 13, 17, 1, 8, 7, 6, 2, 14, 11, 9, 4, 16, 15, 5]",True,200.0,0.2,1024
