,Iteration,Fitness,FEvals,Time,State,use_fast_mimic,Population Size,Keep Percent,max_iters
0,0,3.0,0,7.675000233575702e-05,"[0, 1, 0, 0, 0, 0, 1, 1, 1, 1]",True,100.0,0.2,1024
1,1,9.0,2,0.0031022080220282078,"[1.0, 0.0, 1.0, 0.0, 1.0, 0.0, 1.0, 0.0, 1.0, 0.0]",True,100.0,0.2,1024
2,4,9.0,2,0.0031022080220282078,"[1.0, 0.0, 1.0, 0.0, 1.0, 0.0, 1.0, 0.0, 1.0, 0.0]",True,100.0,0.2,1024
3,16,9.0,2,0.0031022080220282078,"[1.0, 0.0, 1.0, 0.0, 1.0, 0.0, 1.0, 0.0, 1.0, 0.0]",True,100.0,0.2,1024
4,64,9.0,2,0.0031022080220282078,"[1.0, 0.0, 1.0, 0.0, 1.0, 0.0, 1.0, 0.0, 1.0, 0.0]",True,100.0,0.2,1024
5,256,9.0,2,0.0031022080220282078,"[1.0, 0.0, 1.0, 0.0, 1.0, 0.0, 1.0, 0.0, 1.0, 0.0]",True,100.0,0.2,1024
6,1024,9.0,2,0.0031022080220282078,"[1.0, 0.0, 1.0, 0.0, 1.0, 0.0, 1.0, 0.0, 1.0, 0.0]",True,100.0,0.2,1024
