,Iteration,Fitness,FEvals,Time,State,Population Size,Mutation Rate,max_iters
0,0,2692.2100544202003,20,0.0003259590012021363,"[2, 10, 14, 11, 12, 8, 18, 19, 16, 1, 7, 4, 9, 17, 0, 3, 15, 13, 6, 5]",20.0,0.3,1024
1,1,2359.73815227677,42,0.0022609169827774167,"[16, 8, 9, 2, 14, 4, 1, 6, 7, 12, 5, 18, 3, 0, 19, 13, 17, 11, 10, 15]",20.0,0.3,1024
2,4,2304.9083373551052,107,0.005753917008405551,"[4, 19, 1, 2, 18, 15, 12, 3, 9, 10, 17, 8, 7, 6, 0, 13, 14, 11, 5, 16]",20.0,0.3,1024
3,16,1676.6349211986496,364,0.017085125000448897,"[4, 16, 11, 8, 0, 3, 18, 5, 9, 19, 2, 7, 1, 14, 10, 6, 13, 17, 12, 15]",20.0,0.3,1024
4,64,1565.066780632422,1380,0.05947512498823926,"[16, 4, 11, 19, 0, 3, 18, 12, 9, 8, 7, 2, 1, 14, 10, 13, 17, 6, 5, 15]",20.0,0.3,1024
5,256,1322.975533980574,5428,0.22667770899715833,"[16, 4, 11, 14, 9, 10, 0, 3, 13, 6, 17, 19, 2, 7, 8, 1, 18, 12, 5, 15]",20.0,0.3,1024
6,1024,1322.975533980574,6646,0.27996204199735075,"[16, 4, 11, 14, 9, 10, 0, 3, 13, 6, 17, 19, 2, 7, 8, 1, 18, 12, 5, 15]",20.0,0.3,1024
