,Iteration,Fitness,FEvals,Time,State,Population Size,Mutation Rate,max_iters
0,0,8368.58033961272,20,0.0005322080105543137,"[42, 13, 26, 41, 46, 43, 4, 28, 30, 54, 50, 38, 47, 5, 20, 18, 31, 49, 11, 15, 40, 33, 57, 53, 56, 7, 37, 51, 16, 58, 21, 9, 39, 6, 23, 48, 1, 45, 25, 27, 29, 12, 2, 32, 59, 52, 14, 34, 44, 8, 0, 22, 55, 17, 19, 10, 3, 24, 36, 35]",20.0,0.3,1024
1,1,7724.458893083958,42,0.0035649580240715295,"[41, 22, 37, 19, 31, 46, 18, 39, 57, 51, 27, 42, 17, 8, 16, 1, 38, 59, 48, 28, 14, 15, 13, 56, 33, 36, 58, 12, 5, 29, 34, 3, 4, 2, 25, 50, 0, 30, 40, 35, 52, 55, 10, 43, 23, 32, 47, 6, 9, 53, 54, 26, 21, 45, 44, 24, 20, 7, 11, 49]",20.0,0.3,1024
2,4,7334.49530838956,107,0.010010208003222942,"[24, 43, 30, 5, 23, 35, 31, 56, 57, 1, 49, 32, 44, 59, 38, 45, 25, 16, 27, 11, 15, 33, 2, 4, 40, 37, 6, 58, 13, 18, 53, 39, 41, 36, 20, 21, 52, 51, 50, 22, 12, 46, 48, 28, 3, 19, 42, 17, 8, 14, 29, 34, 0, 55, 10, 47, 9, 54, 26, 7]",20.0,0.3,1024
3,16,6903.5622388013635,362,0.032834291021572426,"[46, 22, 37, 19, 31, 41, 18, 39, 57, 51, 27, 42, 17, 8, 16, 1, 38, 59, 48, 28, 14, 35, 56, 5, 49, 13, 44, 45, 25, 24, 11, 15, 33, 3, 4, 40, 53, 32, 6, 36, 58, 10, 43, 0, 47, 52, 2, 50, 9, 34, 20, 21, 29, 30, 23, 12, 55, 54, 26, 7]",20.0,0.3,1024
4,64,5304.168286685518,1392,0.12202558299759403,"[46, 22, 20, 19, 31, 41, 18, 37, 3, 39, 15, 34, 42, 27, 51, 17, 54, 8, 16, 1, 7, 57, 26, 38, 59, 48, 28, 14, 58, 56, 5, 49, 50, 13, 44, 45, 25, 24, 11, 32, 2, 4, 40, 21, 33, 6, 36, 35, 10, 43, 0, 47, 52, 9, 53, 29, 30, 23, 12, 55]",20.0,0.3,1024
5,256,3453.0914987887604,5478,0.474521291005658,"[46, 22, 20, 51, 26, 31, 19, 57, 41, 30, 18, 3, 39, 15, 34, 28, 42, 29, 17, 50, 35, 40, 16, 1, 7, 36, 10, 38, 8, 4, 59, 54, 52, 48, 37, 13, 9, 56, 44, 12, 43, 47, 21, 27, 53, 5, 23, 14, 45, 58, 32, 2, 24, 25, 11, 6, 49, 33, 0, 55]",20.0,0.3,1024
6,1024,2938.6982588994715,14363,1.3108214999956544,"[46, 22, 20, 55, 39, 26, 10, 19, 50, 41, 30, 18, 12, 51, 15, 34, 48, 28, 42, 29, 9, 14, 57, 16, 40, 35, 1, 7, 36, 31, 59, 8, 4, 38, 54, 52, 17, 37, 13, 56, 44, 43, 6, 47, 21, 27, 53, 3, 5, 23, 45, 58, 32, 2, 24, 25, 11, 49, 33, 0]",20.0,0.3,1024
