,Iteration,Fitness,FEvals,Time,State,Population Size,Mutation Rate,max_iters
0,0,5511.538714090228,20,0.000435416994150728,"[4, 34, 9, 39, 16, 23, 25, 19, 10, 0, 29, 35, 21, 36, 14, 22, 17, 6, 3, 33, 15, 27, 20, 31, 5, 30, 18, 24, 28, 8, 1, 12, 11, 26, 13, 2, 7, 32, 38, 37]",20.0,0.3,1024
1,1,4738.54911323251,42,0.0029811249987687916,"[30, 0, 16, 18, 34, 22, 13, 3, 35, 31, 11, 9, 36, 24, 6, 33, 5, 4, 8, 21, 23, 2, 10, 26, 38, 17, 15, 12, 28, 37, 29, 19, 25, 14, 32, 39, 27, 20, 1, 7]",20.0,0.3,1024
2,4,4700.728236908176,106,0.00809104199288413,"[35, 39, 7, 18, 11, 24, 3, 27, 20, 14, 37, 2, 25, 12, 23, 15, 16, 10, 9, 6, 36, 33, 0, 28, 13, 22, 8, 31, 34, 19, 38, 17, 4, 30, 29, 5, 21, 26, 32, 1]",20.0,0.3,1024
3,16,4164.320684025164,363,0.025379667000379413,"[35, 7, 39, 18, 11, 24, 3, 27, 20, 14, 37, 2, 25, 12, 23, 15, 16, 10, 36, 4, 34, 32, 38, 9, 6, 5, 33, 29, 0, 30, 22, 28, 13, 8, 31, 19, 17, 21, 26, 1]",20.0,0.3,1024
4,64,3374.497301794277,1388,0.0921079579857178,"[35, 18, 4, 31, 11, 24, 36, 39, 3, 27, 20, 30, 37, 17, 14, 25, 16, 21, 12, 23, 15, 2, 10, 6, 13, 26, 8, 7, 38, 9, 32, 34, 0, 5, 33, 29, 19, 22, 28, 1]",20.0,0.3,1024
5,256,2284.6057257936745,5446,0.3559195829730015,"[35, 7, 8, 1, 11, 24, 2, 36, 23, 3, 27, 20, 21, 30, 37, 17, 19, 14, 4, 25, 38, 10, 12, 39, 15, 6, 13, 26, 32, 9, 16, 34, 33, 0, 5, 18, 29, 22, 28, 31]",20.0,0.3,1024
6,1024,2218.1622013602437,10976,0.72395562499878,"[35, 8, 7, 1, 11, 24, 2, 36, 23, 3, 27, 20, 39, 30, 12, 17, 19, 14, 38, 4, 25, 16, 37, 21, 15, 26, 13, 6, 32, 9, 10, 34, 33, 0, 5, 18, 29, 22, 28, 31]",20.0,0.3,1024
