,Iteration,Fitness,FEvals,Time,State,use_fast_mimic,Population Size,Keep Percent,max_iters
0,0,5511.538714090228,200,0.0037353329826146364,"[4, 34, 9, 39, 16, 23, 25, 19, 10, 0, 29, 35, 21, 36, 14, 22, 17, 6, 3, 33, 15, 27, 20, 31, 5, 30, 18, 24, 28, 8, 1, 12, 11, 26, 13, 2, 7, 32, 38, 37]",True,200.0,0.2,1024
1,1,4100.752961215233,402,0.31435741699533537,"[11, 36, 23, 19, 18, 33, 10, 9, 16, 4, 21, 27, 20, 6, 26, 14, 32, 2, 17, 3, 13, 5, 28, 22, 0, 30, 38, 29, 34, 25, 35, 1, 8, 7, 24, 37, 31, 12, 39, 15]",True,200.0,0.2,1024
2,4,3883.7946763212935,1007,1.2667582919821143,"[11, 36, 4, 19, 34, 22, 27, 3, 15, 20, 30, 29, 21, 6, 26, 13, 32, 39, 8, 28, 23, 5, 16, 25, 10, 17, 38, 18, 12, 37, 0, 14, 2, 24, 1, 9, 33, 31, 7, 35]",True,200.0,0.2,1024
3,16,3883.7946763212935,3017,6.834503582998877,"[11, 36, 4, 19, 34, 22, 27, 3, 15, 20, 30, 29, 21, 6, 26, 13, 32, 39, 8, 28, 23, 5, 16, 25, 10, 17, 38, 18, 12, 37, 0, 14, 2, 24, 1, 9, 33, 31, 7, 35]",True,200.0,0.2,1024
4,64,3883.7946763212935,3017,6.834503582998877,"[11, 36, 4, 19, 34, 22, 27, 3, 15, 20, 30, 29, 21, 6, 26, 13, 32, 39, 8, 28, 23, 5, 16, 25, 10, 17, 38, 18, 12, 37, 0, 14, 2, 24, 1, 9, 33, 31, 7, 35]",True,200.0,0.2,1024
5,256,3883.7946763212935,3017,6.834503582998877,"[11, 36, 4, 19, 34, 22, 27, 3, 15, 20, 30, 29, 21, 6, 26, 13, 32, 39, 8, 28, 23, 5, 16, 25, 10, 17, 38, 18, 12, 37, 0, 14, 2, 24, 1, 9, 33, 31, 7, 35]",True,200.0,0.2,1024
6,1024,3883.7946763212935,3017,6.834503582998877,"[11, 36, 4, 19, 34, 22, 27, 3, 15, 20, 30, 29, 21, 6, 26, 13, 32, 39, 8, 28, 23, 5, 16, 25, 10, 17, 38, 18, 12, 37, 0, 14, 2, 24, 1, 9, 33, 31, 7, 35]",True,200.0,0.2,1024
