,Iteration,Fitness,FEvals,Time,State,use_fast_mimic,Population Size,Keep Percent,max_iters
0,0,3034.017461722735,200,0.002581124979769811,"[18, 9, 10, 15, 12, 2, 16, 7, 4, 3, 8, 19, 1, 6, 11, 0, 17, 13, 5, 14]",True,200.0,0.2,1024
1,1,2080.3616012274138,402,0.07257241598563269,"[1, 13, 4, 11, 10, 9, 16, 15, 5, 0, 6, 17, 19, 8, 7, 3, 18, 12, 14, 2]",True,200.0,0.2,1024
2,4,1822.4753176140953,1007,0.2788175829919055,"[18, 0, 3, 6, 10, 14, 1, 9, 17, 19, 2, 13, 11, 16, 4, 8, 7, 5, 12, 15]",True,200.0,0.2,1024
3,16,1643.9796553577166,3421,1.2451987499953248,"[18, 3, 0, 6, 10, 14, 7, 9, 1, 8, 2, 19, 4, 11, 16, 13, 17, 5, 12, 15]",True,200.0,0.2,1024
4,64,1643.9796553577166,3622,1.3408449160051532,"[18, 3, 0, 6, 10, 14, 7, 9, 1, 8, 2, 19, 4, 11, 16, 13, 17, 5, 12, 15]",True,200.0,0.2,1024
5,256,1643.9796553577166,3622,1.3408449160051532,"[18, 3, 0, 6, 10, 14, 7, 9, 1, 8, 2, 19, 4, 11, 16, 13, 17, 5, 12, 15]",True,200.0,0.2,1024
6,1024,1643.9796553577166,3622,1.3408449160051532,"[18, 3, 0, 6, 10, 14, 7, 9, 1, 8, 2, 19, 4, 11, 16, 13, 17, 5, 12, 15]",True,200.0,0.2,1024
