,Iteration,Time,Fitness,FEvals,Population Size,Mutation Rate,max_iters
0,0,4.891699063591659e-05,5.0,0.0,20,0.3,2048
1,1,0.0023919169907458127,7.0,2.0,20,0.3,2048
2,2,0.004339999984949827,7.0,3.0,20,0.3,2048
3,3,0.005800207989523187,7.0,4.0,20,0.3,2048
4,4,0.006040167005266994,7.0,5.0,20,0.3,2048
5,5,0.007852707989513874,7.0,6.0,20,0.3,2048
6,6,0.008238250011345372,9.0,8.0,20,0.3,2048
