,Iteration,Fitness,FEvals,Time,State,Population Size,Mutation Rate,max_iters
0,0,8958.91232102561,20,0.0006034999969415367,"[47, 4, 21, 10, 44, 65, 18, 46, 28, 8, 50, 49, 67, 16, 53, 23, 32, 17, 20, 1, 52, 57, 60, 62, 0, 51, 42, 14, 9, 34, 45, 63, 59, 25, 66, 68, 43, 12, 3, 13, 33, 48, 58, 56, 55, 64, 35, 61, 19, 40, 31, 38, 15, 26, 27, 7, 39, 41, 30, 54, 69, 37, 6, 11, 22, 2, 29, 5, 36, 24]",20.0,0.3,1024
1,1,8051.930901717806,42,0.003968458011513576,"[36, 44, 39, 17, 21, 1, 25, 9, 32, 68, 46, 62, 47, 43, 40, 13, 31, 30, 12, 34, 4, 65, 2, 11, 61, 69, 7, 60, 48, 26, 45, 27, 3, 35, 50, 56, 63, 55, 19, 28, 20, 59, 38, 33, 41, 42, 5, 51, 6, 23, 57, 8, 53, 52, 22, 10, 58, 24, 54, 18, 15, 37, 64, 16, 49, 14, 0, 67, 66, 29]",20.0,0.3,1024
2,4,7874.250379607707,107,0.011246000009123236,"[36, 44, 39, 17, 21, 1, 25, 9, 32, 68, 46, 62, 47, 43, 40, 13, 31, 30, 12, 34, 4, 65, 2, 11, 61, 69, 7, 60, 48, 26, 45, 27, 3, 35, 50, 56, 63, 55, 19, 28, 20, 59, 38, 33, 41, 42, 5, 51, 6, 23, 57, 8, 53, 52, 22, 10, 58, 24, 54, 18, 15, 37, 64, 66, 14, 16, 49, 0, 67, 29]",20.0,0.3,1024
3,16,7362.69719435158,365,0.037258291005855426,"[36, 44, 39, 17, 10, 1, 25, 9, 32, 68, 5, 62, 47, 43, 40, 13, 31, 61, 63, 29, 12, 22, 66, 26, 8, 45, 23, 64, 2, 58, 69, 7, 59, 6, 28, 24, 46, 35, 65, 18, 33, 53, 27, 30, 51, 19, 54, 56, 34, 4, 11, 14, 21, 3, 60, 48, 50, 55, 20, 38, 41, 42, 57, 52, 15, 37, 16, 49, 0, 67]",20.0,0.3,1024
4,64,6211.527137484292,1390,0.14385283301817253,"[36, 44, 39, 63, 10, 1, 25, 9, 32, 68, 5, 62, 47, 43, 40, 13, 31, 50, 17, 6, 29, 12, 22, 30, 26, 8, 45, 23, 64, 2, 58, 69, 7, 59, 28, 27, 3, 46, 21, 24, 35, 65, 18, 0, 66, 53, 51, 33, 34, 54, 56, 19, 4, 57, 11, 14, 60, 48, 61, 67, 55, 20, 41, 42, 52, 38, 15, 37, 16, 49]",20.0,0.3,1024
5,256,4180.346248711824,5473,0.54346329101827,"[36, 44, 11, 63, 10, 14, 1, 25, 9, 65, 68, 5, 62, 47, 32, 31, 8, 40, 52, 43, 61, 13, 17, 6, 29, 12, 39, 22, 30, 26, 33, 45, 16, 67, 48, 38, 2, 24, 58, 7, 35, 69, 60, 53, 27, 3, 46, 20, 18, 66, 51, 28, 23, 56, 49, 50, 34, 54, 57, 19, 4, 59, 0, 55, 21, 41, 64, 42, 15, 37]",20.0,0.3,1024
6,1024,3120.9577540881096,21669,2.1996055410127155,"[44, 36, 10, 56, 14, 16, 11, 45, 1, 2, 38, 9, 33, 66, 68, 55, 18, 31, 19, 4, 35, 40, 52, 43, 65, 48, 61, 13, 41, 29, 12, 39, 22, 51, 67, 26, 50, 17, 63, 59, 25, 24, 58, 7, 8, 54, 60, 62, 53, 46, 3, 27, 20, 34, 47, 5, 23, 42, 49, 6, 32, 57, 69, 21, 30, 0, 64, 28, 15, 37]",20.0,0.3,1024
