,Iteration,Fitness,FEvals,Time,State,use_fast_mimic,Population Size,Keep Percent,max_iters
0,0,8958.91232102561,200,0.0055878749990370125,"[47, 4, 21, 10, 44, 65, 18, 46, 28, 8, 50, 49, 67, 16, 53, 23, 32, 17, 20, 1, 52, 57, 60, 62, 0, 51, 42, 14, 9, 34, 45, 63, 59, 25, 66, 68, 43, 12, 3, 13, 33, 48, 58, 56, 55, 64, 35, 61, 19, 40, 31, 38, 15, 26, 27, 7, 39, 41, 30, 54, 69, 37, 6, 11, 22, 2, 29, 5, 36, 24]",True,200.0,0.2,1024
1,1,8409.341258192595,402,1.8080524159886409,"[50, 59, 9, 66, 42, 46, 57, 69, 24, 2, 17, 45, 61, 27, 31, 33, 1, 40, 62, 18, 14, 6, 15, 32, 26, 23, 16, 56, 25, 3, 67, 63, 44, 65, 39, 12, 37, 51, 20, 55, 60, 8, 13, 48, 38, 35, 21, 10, 36, 11, 58, 0, 64, 47, 43, 28, 19, 52, 5, 54, 30, 49, 68, 22, 53, 4, 7, 34, 29, 41]",True,200.0,0.2,1024
2,4,8409.341258192595,1005,11.114544290991034,"[50, 59, 9, 66, 42, 46, 57, 69, 24, 2, 17, 45, 61, 27, 31, 33, 1, 40, 62, 18, 14, 6, 15, 32, 26, 23, 16, 56, 25, 3, 67, 63, 44, 65, 39, 12, 37, 51, 20, 55, 60, 8, 13, 48, 38, 35, 21, 10, 36, 11, 58, 0, 64, 47, 43, 28, 19, 52, 5, 54, 30, 49, 68, 22, 53, 4, 7, 34, 29, 41]",True,200.0,0.2,1024
3,16,8409.341258192595,2412,52.244815790996654,"[50, 59, 9, 66, 42, 46, 57, 69, 24, 2, 17, 45, 61, 27, 31, 33, 1, 40, 62, 18, 14, 6, 15, 32, 26, 23, 16, 56, 25, 3, 67, 63, 44, 65, 39, 12, 37, 51, 20, 55, 60, 8, 13, 48, 38, 35, 21, 10, 36, 11, 58, 0, 64, 47, 43, 28, 19, 52, 5, 54, 30, 49, 68, 22, 53, 4, 7, 34, 29, 41]",True,200.0,0.2,1024
4,64,8409.341258192595,2412,52.244815790996654,"[50, 59, 9, 66, 42, 46, 57, 69, 24, 2, 17, 45, 61, 27, 31, 33, 1, 40, 62, 18, 14, 6, 15, 32, 26, 23, 16, 56, 25, 3, 67, 63, 44, 65, 39, 12, 37, 51, 20, 55, 60, 8, 13, 48, 38, 35, 21, 10, 36, 11, 58, 0, 64, 47, 43, 28, 19, 52, 5, 54, 30, 49, 68, 22, 53, 4, 7, 34, 29, 41]",True,200.0,0.2,1024
5,256,8409.341258192595,2412,52.244815790996654,"[50, 59, 9, 66, 42, 46, 57, 69, 24, 2, 17, 45, 61, 27, 31, 33, 1, 40, 62, 18, 14, 6, 15, 32, 26, 23, 16, 56, 25, 3, 67, 63, 44, 65, 39, 12, 37, 51, 20, 55, 60, 8, 13, 48, 38, 35, 21, 10, 36, 11, 58, 0, 64, 47, 43, 28, 19, 52, 5, 54, 30, 49, 68, 22, 53, 4, 7, 34, 29, 41]",True,200.0,0.2,1024
6,1024,8409.341258192595,2412,52.244815790996654,"[50, 59, 9, 66, 42, 46, 57, 69, 24, 2, 17, 45, 61, 27, 31, 33, 1, 40, 62, 18, 14, 6, 15, 32, 26, 23, 16, 56, 25, 3, 67, 63, 44, 65, 39, 12, 37, 51, 20, 55, 60, 8, 13, 48, 38, 35, 21, 10, 36, 11, 58, 0, 64, 47, 43, 28, 19, 52, 5, 54, 30, 49, 68, 22, 53, 4, 7, 34, 29, 41]",True,200.0,0.2,1024
