,Iteration,Fitness,FEvals,Time,State,use_fast_mimic,Population Size,Keep Percent,max_iters
0,0,4028.691708073603,200,0.0030888750043231994,"[4, 24, 12, 5, 10, 27, 1, 25, 8, 9, 13, 15, 20, 2, 17, 16, 23, 22, 28, 11, 26, 19, 21, 3, 18, 6, 0, 29, 7, 14]",True,200.0,0.2,1024
1,1,3302.1448303198476,402,0.186648167000385,"[6, 27, 0, 29, 15, 26, 9, 12, 25, 14, 7, 11, 8, 5, 2, 1, 24, 19, 3, 22, 17, 18, 4, 16, 23, 20, 28, 10, 13, 21]",True,200.0,0.2,1024
2,4,2951.948433925224,1007,0.9719351250096224,"[5, 20, 0, 19, 8, 6, 26, 12, 21, 9, 7, 29, 22, 15, 14, 1, 24, 2, 25, 11, 16, 18, 23, 3, 4, 28, 10, 17, 13, 27]",True,200.0,0.2,1024
3,16,2951.948433925224,3017,3.6516035420063417,"[5, 20, 0, 19, 8, 6, 26, 12, 21, 9, 7, 29, 22, 15, 14, 1, 24, 2, 25, 11, 16, 18, 23, 3, 4, 28, 10, 17, 13, 27]",True,200.0,0.2,1024
4,64,2951.948433925224,3017,3.6516035420063417,"[5, 20, 0, 19, 8, 6, 26, 12, 21, 9, 7, 29, 22, 15, 14, 1, 24, 2, 25, 11, 16, 18, 23, 3, 4, 28, 10, 17, 13, 27]",True,200.0,0.2,1024
5,256,2951.948433925224,3017,3.6516035420063417,"[5, 20, 0, 19, 8, 6, 26, 12, 21, 9, 7, 29, 22, 15, 14, 1, 24, 2, 25, 11, 16, 18, 23, 3, 4, 28, 10, 17, 13, 27]",True,200.0,0.2,1024
6,1024,2951.948433925224,3017,3.6516035420063417,"[5, 20, 0, 19, 8, 6, 26, 12, 21, 9, 7, 29, 22, 15, 14, 1, 24, 2, 25, 11, 16, 18, 23, 3, 4, 28, 10, 17, 13, 27]",True,200.0,0.2,1024
