,Iteration,Time,Fitness,FEvals,Population Size,Mutation Rate,max_iters
0,0,6.533297710120678e-05,9.0,0.0,200.0,0.3,1024
1,1,0.0033509999921079725,9.0,1.0,200.0,0.3,1024
