,Iteration,Fitness,FEvals,Time,State,Population Size,Mutation Rate,max_iters
0,0,9.0,0,6.533297710120678e-05,"[0, 1, 0, 1, 0, 1, 0, 1, 0, 1]",200.0,0.3,1024
1,1,9.0,1,0.0033509999921079725,"[0, 1, 0, 1, 0, 1, 0, 1, 0, 1]",200.0,0.3,1024
2,4,9.0,1,0.0033509999921079725,"[0, 1, 0, 1, 0, 1, 0, 1, 0, 1]",200.0,0.3,1024
3,16,9.0,1,0.0033509999921079725,"[0, 1, 0, 1, 0, 1, 0, 1, 0, 1]",200.0,0.3,1024
4,64,9.0,1,0.0033509999921079725,"[0, 1, 0, 1, 0, 1, 0, 1, 0, 1]",200.0,0.3,1024
5,256,9.0,1,0.0033509999921079725,"[0, 1, 0, 1, 0, 1, 0, 1, 0, 1]",200.0,0.3,1024
6,1024,9.0,1,0.0033509999921079725,"[0, 1, 0, 1, 0, 1, 0, 1, 0, 1]",200.0,0.3,1024
