,Iteration,Fitness,FEvals,Time,State,Population Size,Mutation Rate,max_iters
0,0,1294.2527731920065,20,0.00024016702082008123,"[5, 6, 1, 7, 2, 9, 0, 8, 4, 3]",20.0,0.3,1024
1,1,1024.4705844600874,42,0.001964708004379645,"[4, 1, 2, 6, 3, 5, 0, 8, 7, 9]",20.0,0.3,1024
2,4,957.5512759485362,106,0.00482254201779142,"[4, 6, 1, 9, 0, 5, 3, 8, 2, 7]",20.0,0.3,1024
3,16,877.0753724046074,361,0.0130423330119811,"[9, 1, 4, 6, 0, 5, 3, 8, 2, 7]",20.0,0.3,1024
4,64,718.6772744381387,1374,0.04291237500729039,"[4, 1, 9, 6, 0, 3, 5, 2, 8, 7]",20.0,0.3,1024
5,256,718.6772744381387,2970,0.09086662501795217,"[4, 1, 9, 6, 0, 3, 5, 2, 8, 7]",20.0,0.3,1024
6,1024,718.6772744381387,2970,0.09086662501795217,"[4, 1, 9, 6, 0, 3, 5, 2, 8, 7]",20.0,0.3,1024
