,Iteration,Fitness,FEvals,Time,State,use_fast_mimic,Population Size,Keep Percent,max_iters
0,0,1294.2527731920065,200,0.0036628750094678253,"[5, 6, 1, 7, 2, 9, 0, 8, 4, 3]",True,200.0,0.2,1024
1,1,897.4738735010968,402,0.038563375012017787,"[9, 4, 8, 2, 7, 1, 3, 5, 0, 6]",True,200.0,0.2,1024
2,4,799.8088939841111,1007,0.12702608399558812,"[9, 4, 1, 6, 0, 5, 3, 2, 8, 7]",True,200.0,0.2,1024
3,16,799.8088939841111,2816,0.3949952920083888,"[9, 4, 1, 6, 0, 5, 3, 2, 8, 7]",True,200.0,0.2,1024
4,64,799.8088939841111,2816,0.3949952920083888,"[9, 4, 1, 6, 0, 5, 3, 2, 8, 7]",True,200.0,0.2,1024
5,256,799.8088939841111,2816,0.3949952920083888,"[9, 4, 1, 6, 0, 5, 3, 2, 8, 7]",True,200.0,0.2,1024
6,1024,799.8088939841111,2816,0.3949952920083888,"[9, 4, 1, 6, 0, 5, 3, 2, 8, 7]",True,200.0,0.2,1024
