,Iteration,Fitness,FEvals,Time,State,use_fast_mimic,Population Size,Keep Percent,max_iters
0,0,4843.193821540997,200,0.003992999991169199,"[2, 25, 4, 31, 37, 13, 27, 32, 0, 34, 36, 26, 22, 30, 28, 18, 11, 29, 7, 23, 6, 21, 17, 12, 33, 35, 8, 3, 5, 15, 10, 9, 24, 20, 39, 19, 14, 38, 16, 1]",True,200.0,0.2,1024
1,1,4221.719063769357,402,0.2904781249817461,"[11, 31, 9, 13, 24, 1, 14, 21, 5, 29, 37, 33, 19, 3, 28, 36, 27, 23, 12, 18, 0, 22, 20, 30, 2, 4, 15, 26, 34, 6, 25, 17, 35, 7, 8, 32, 10, 38, 16, 39]",True,200.0,0.2,1024
2,4,4221.719063769357,1005,1.1481778750021476,"[11, 31, 9, 13, 24, 1, 14, 21, 5, 29, 37, 33, 19, 3, 28, 36, 27, 23, 12, 18, 0, 22, 20, 30, 2, 4, 15, 26, 34, 6, 25, 17, 35, 7, 8, 32, 10, 38, 16, 39]",True,200.0,0.2,1024
3,16,4221.719063769357,2412,5.365887249994557,"[11, 31, 9, 13, 24, 1, 14, 21, 5, 29, 37, 33, 19, 3, 28, 36, 27, 23, 12, 18, 0, 22, 20, 30, 2, 4, 15, 26, 34, 6, 25, 17, 35, 7, 8, 32, 10, 38, 16, 39]",True,200.0,0.2,1024
4,64,4221.719063769357,2412,5.365887249994557,"[11, 31, 9, 13, 24, 1, 14, 21, 5, 29, 37, 33, 19, 3, 28, 36, 27, 23, 12, 18, 0, 22, 20, 30, 2, 4, 15, 26, 34, 6, 25, 17, 35, 7, 8, 32, 10, 38, 16, 39]",True,200.0,0.2,1024
5,256,4221.719063769357,2412,5.365887249994557,"[11, 31, 9, 13, 24, 1, 14, 21, 5, 29, 37, 33, 19, 3, 28, 36, 27, 23, 12, 18, 0, 22, 20, 30, 2, 4, 15, 26, 34, 6, 25, 17, 35, 7, 8, 32, 10, 38, 16, 39]",True,200.0,0.2,1024
6,1024,4221.719063769357,2412,5.365887249994557,"[11, 31, 9, 13, 24, 1, 14, 21, 5, 29, 37, 33, 19, 3, 28, 36, 27, 23, 12, 18, 0, 22, 20, 30, 2, 4, 15, 26, 34, 6, 25, 17, 35, 7, 8, 32, 10, 38, 16, 39]",True,200.0,0.2,1024
