Iteration,Time
0.0,0.00018619999997326886
1.0,0.007206149999959166
2.0,0.014282099999945785
3.0,0.014806299999918338
4.0,0.015383799999995063
