FEvals,Time
0.0,0.00018619999997326886
1.0,0.0070730999999568675
2.0,0.007225157142816637
3.0,0.014237799999932575
4.0,0.014424224999942226
6.0,0.015383799999995063
