Iteration,Time
0.0,0.00018998749993670572
1.0,0.010573237499897914
