FEvals,Time
0.0,0.00018998749993670572
1.0,0.011038399999961257
2.0,0.01050678571417458
