Iteration,Fitness
0,5.0
1,5.133333333333334
2,5.142857142857143
3,5.571428571428571
4,6.0
5,6.071428571428571
6,6.071428571428571
7,6.214285714285714
8,6.428571428571429
9,6.571428571428571
10,6.571428571428571
11,6.75
12,7.0
13,7.2
14,7.333333333333333
15,7.333333333333333
16,7.4
17,7.4
18,7.5
19,7.5
20,7.333333333333333
21,7.333333333333333
22,8.0
23,8.0
24,8.0
25,8.0
