,Iteration,Time,Fitness,FEvals,Population Size,Mutation Rate,max_iters
0,0,6.466699414886534e-05,5.0,0.0,200.0,0.3,1024
1,1,0.003305332997115329,8.0,2.0,200.0,0.3,1024
2,2,0.006456250004703179,9.0,4.0,200.0,0.3,1024
