,Iteration,Fitness,FEvals,Time,State,Population Size,Mutation Rate,max_iters
0,0,7530.710950902541,20,0.0005475410143844783,"[4, 12, 51, 18, 56, 47, 49, 17, 57, 33, 2, 38, 10, 48, 13, 30, 50, 3, 26, 28, 5, 9, 22, 31, 32, 25, 39, 27, 45, 34, 15, 29, 55, 43, 0, 54, 21, 8, 44, 46, 23, 11, 7, 6, 40, 52, 37, 42, 41, 24, 20, 36, 53, 35, 59, 19, 14, 58, 16, 1]",20.0,0.3,1024
1,1,6975.414476511218,42,0.00361783301923424,"[39, 46, 57, 21, 59, 24, 10, 45, 42, 14, 51, 48, 58, 52, 11, 25, 7, 44, 29, 41, 1, 35, 36, 38, 19, 49, 30, 47, 56, 54, 17, 50, 15, 4, 8, 32, 16, 27, 3, 31, 26, 9, 37, 12, 28, 53, 33, 23, 34, 6, 20, 18, 13, 55, 22, 2, 43, 0, 5, 40]",20.0,0.3,1024
2,4,6657.971801043543,107,0.01017908300855197,"[39, 46, 57, 56, 59, 24, 10, 45, 42, 14, 51, 48, 58, 52, 11, 25, 50, 44, 29, 41, 1, 35, 36, 38, 19, 49, 30, 47, 21, 54, 17, 7, 15, 4, 8, 32, 16, 27, 3, 31, 26, 9, 37, 12, 28, 53, 33, 0, 55, 23, 18, 43, 22, 6, 20, 40, 2, 34, 5, 13]",20.0,0.3,1024
3,16,6194.7120294407205,363,0.033562541007995605,"[27, 50, 18, 34, 16, 54, 31, 33, 39, 46, 57, 59, 24, 10, 45, 42, 14, 51, 48, 11, 52, 58, 25, 7, 44, 29, 41, 1, 35, 36, 38, 47, 49, 30, 9, 19, 21, 56, 17, 15, 4, 8, 32, 43, 6, 2, 20, 13, 26, 28, 3, 55, 22, 0, 40, 37, 12, 53, 23, 5]",20.0,0.3,1024
4,64,4889.987846789303,1388,0.12325295800110325,"[27, 50, 18, 48, 34, 39, 46, 1, 56, 59, 19, 10, 45, 57, 14, 12, 51, 21, 52, 11, 25, 7, 58, 44, 29, 41, 42, 16, 54, 31, 38, 33, 35, 36, 43, 47, 24, 49, 20, 26, 40, 17, 15, 4, 8, 32, 2, 6, 30, 13, 9, 28, 3, 55, 22, 0, 37, 53, 23, 5]",20.0,0.3,1024
5,256,3617.0889399315743,5455,0.7070072080241516,"[27, 12, 50, 18, 48, 34, 39, 46, 41, 37, 9, 19, 36, 58, 45, 57, 14, 56, 51, 15, 33, 21, 47, 11, 25, 7, 1, 10, 44, 29, 30, 42, 16, 40, 59, 54, 38, 31, 35, 17, 52, 4, 8, 2, 24, 49, 20, 6, 26, 32, 43, 13, 28, 53, 3, 55, 22, 0, 23, 5]",20.0,0.3,1024
6,1024,2672.4651655962316,21647,2.189248333015712,"[23, 28, 50, 48, 12, 34, 51, 39, 0, 18, 41, 29, 37, 13, 44, 36, 19, 58, 45, 57, 9, 14, 56, 15, 33, 26, 6, 2, 11, 7, 59, 1, 35, 16, 43, 30, 42, 17, 10, 31, 40, 38, 54, 52, 24, 4, 25, 8, 32, 49, 21, 47, 27, 53, 3, 46, 55, 20, 22, 5]",20.0,0.3,1024
