,Iteration,Fitness,FEvals,Time,State,Population Size,Mutation Rate,max_iters
0,0,4028.691708073603,20,0.0003662910021375865,"[4, 24, 12, 5, 10, 27, 1, 25, 8, 9, 13, 15, 20, 2, 17, 16, 23, 22, 28, 11, 26, 19, 21, 3, 18, 6, 0, 29, 7, 14]",20.0,0.3,1024
1,1,3351.1688011005494,42,0.002690583001822233,"[21, 6, 3, 20, 26, 12, 7, 17, 14, 4, 24, 8, 1, 9, 19, 18, 28, 5, 23, 25, 0, 29, 22, 15, 2, 11, 16, 10, 13, 27]",20.0,0.3,1024
2,4,3351.1688011005494,105,0.007064749981509522,"[21, 6, 3, 20, 26, 12, 7, 17, 14, 4, 24, 8, 1, 9, 19, 18, 28, 5, 23, 25, 0, 29, 22, 15, 2, 11, 16, 10, 13, 27]",20.0,0.3,1024
3,16,3046.0310871022966,364,0.02162470799521543,"[21, 6, 3, 20, 23, 12, 17, 4, 7, 26, 13, 14, 24, 8, 1, 9, 19, 18, 28, 5, 25, 0, 29, 10, 15, 2, 11, 16, 22, 27]",20.0,0.3,1024
4,64,2074.593267921435,1385,0.07619533300749026,"[20, 6, 21, 18, 3, 23, 12, 16, 4, 7, 14, 2, 24, 8, 1, 11, 25, 9, 17, 19, 26, 13, 0, 28, 5, 10, 29, 15, 22, 27]",20.0,0.3,1024
5,256,1489.9415953309147,5438,0.2948489160044119,"[3, 20, 13, 18, 12, 23, 0, 21, 9, 16, 25, 7, 11, 4, 14, 2, 24, 8, 1, 19, 17, 26, 6, 10, 29, 28, 15, 5, 27, 22]",20.0,0.3,1024
6,1024,1371.5521014898122,8928,0.48521779099246487,"[20, 3, 13, 18, 0, 23, 12, 21, 9, 16, 25, 11, 7, 4, 14, 2, 24, 8, 1, 19, 17, 26, 6, 10, 29, 15, 28, 5, 27, 22]",20.0,0.3,1024
