,Iteration,Fitness,FEvals,Time,State,use_fast_mimic,Population Size,Keep Percent,max_iters
0,0,1372.6868741929002,200,0.002100500016240403,"[2, 1, 4, 9, 0, 7, 6, 8, 3, 5]",True,200.0,0.2,1024
1,1,868.7005886018142,402,0.0332082920067478,"[3, 5, 0, 6, 9, 1, 4, 2, 8, 7]",True,200.0,0.2,1024
2,4,867.8342040071902,1007,0.12675066699739546,"[1, 9, 2, 8, 7, 4, 5, 3, 0, 6]",True,200.0,0.2,1024
3,16,867.8342040071902,3017,0.4573971670179162,"[1, 9, 2, 8, 7, 4, 5, 3, 0, 6]",True,200.0,0.2,1024
4,64,867.8342040071902,3017,0.4573971670179162,"[1, 9, 2, 8, 7, 4, 5, 3, 0, 6]",True,200.0,0.2,1024
5,256,867.8342040071902,3017,0.4573971670179162,"[1, 9, 2, 8, 7, 4, 5, 3, 0, 6]",True,200.0,0.2,1024
6,1024,867.8342040071902,3017,0.4573971670179162,"[1, 9, 2, 8, 7, 4, 5, 3, 0, 6]",True,200.0,0.2,1024
