,Iteration,Fitness,FEvals,Time,State,Population Size,Mutation Rate,max_iters
0,0,4402.195437984951,20,0.00035466699046082795,"[18, 16, 25, 2, 24, 3, 1, 29, 26, 28, 23, 7, 12, 6, 10, 9, 21, 20, 4, 15, 19, 8, 17, 22, 11, 0, 27, 13, 5, 14]",20.0,0.3,1024
1,1,3636.213977440874,42,0.0025329999916721135,"[4, 1, 11, 13, 8, 26, 28, 23, 21, 14, 19, 2, 22, 10, 15, 29, 20, 6, 5, 27, 9, 12, 7, 17, 3, 16, 25, 24, 18, 0]",20.0,0.3,1024
2,4,3496.341232633409,107,0.00679995899554342,"[29, 10, 26, 28, 5, 24, 16, 21, 23, 20, 4, 1, 11, 13, 8, 14, 19, 2, 22, 15, 6, 27, 12, 9, 7, 17, 3, 25, 18, 0]",20.0,0.3,1024
3,16,3019.7538427866557,365,0.02080245898105204,"[4, 1, 11, 8, 13, 26, 28, 29, 10, 15, 24, 19, 18, 23, 21, 6, 20, 12, 3, 16, 9, 5, 27, 22, 14, 2, 7, 25, 17, 0]",20.0,0.3,1024
4,64,2326.106829175905,1387,0.07438970898510888,"[4, 1, 24, 8, 11, 13, 26, 15, 28, 29, 10, 19, 18, 6, 20, 0, 12, 23, 3, 21, 16, 17, 22, 27, 5, 14, 2, 7, 25, 9]",20.0,0.3,1024
5,256,1601.9762663264028,5443,0.2876809589797631,"[11, 4, 1, 24, 8, 2, 13, 26, 28, 15, 29, 6, 19, 17, 9, 25, 16, 21, 12, 18, 23, 0, 3, 20, 22, 27, 5, 10, 14, 7]",20.0,0.3,1024
6,1024,1448.4145622434435,14505,0.7847764169855509,"[11, 7, 1, 8, 24, 2, 14, 10, 15, 29, 6, 26, 13, 17, 9, 25, 16, 21, 18, 12, 0, 23, 3, 20, 22, 27, 5, 28, 19, 4]",20.0,0.3,1024
