,Iteration,Fitness,FEvals,Time,State,use_fast_mimic,Population Size,Keep Percent,max_iters
0,0,4402.195437984951,200,0.003106334013864398,"[18, 16, 25, 2, 24, 3, 1, 29, 26, 28, 23, 7, 12, 6, 10, 9, 21, 20, 4, 15, 19, 8, 17, 22, 11, 0, 27, 13, 5, 14]",True,200.0,0.2,1024
1,1,3188.662760370941,402,0.21639000001596287,"[4, 11, 13, 6, 27, 5, 15, 24, 17, 10, 19, 25, 8, 1, 14, 18, 9, 21, 20, 3, 0, 7, 2, 12, 23, 16, 28, 26, 22, 29]",True,200.0,0.2,1024
2,4,2893.4898493539336,1007,0.7747070000041276,"[4, 11, 13, 6, 28, 5, 15, 26, 17, 10, 19, 25, 8, 1, 14, 18, 9, 21, 20, 3, 0, 7, 2, 24, 23, 16, 12, 27, 22, 29]",True,200.0,0.2,1024
3,16,2893.4898493539336,2816,3.327446917013731,"[4, 11, 13, 6, 28, 5, 15, 26, 17, 10, 19, 25, 8, 1, 14, 18, 9, 21, 20, 3, 0, 7, 2, 24, 23, 16, 12, 27, 22, 29]",True,200.0,0.2,1024
4,64,2893.4898493539336,2816,3.327446917013731,"[4, 11, 13, 6, 28, 5, 15, 26, 17, 10, 19, 25, 8, 1, 14, 18, 9, 21, 20, 3, 0, 7, 2, 24, 23, 16, 12, 27, 22, 29]",True,200.0,0.2,1024
5,256,2893.4898493539336,2816,3.327446917013731,"[4, 11, 13, 6, 28, 5, 15, 26, 17, 10, 19, 25, 8, 1, 14, 18, 9, 21, 20, 3, 0, 7, 2, 24, 23, 16, 12, 27, 22, 29]",True,200.0,0.2,1024
6,1024,2893.4898493539336,2816,3.327446917013731,"[4, 11, 13, 6, 28, 5, 15, 26, 17, 10, 19, 25, 8, 1, 14, 18, 9, 21, 20, 3, 0, 7, 2, 24, 23, 16, 12, 27, 22, 29]",True,200.0,0.2,1024
