,Iteration,Fitness,FEvals,Time,State,Population Size,Mutation Rate,max_iters
0,0,2793.6596289672807,20,0.00031674999627284706,"[10, 7, 6, 9, 3, 13, 18, 8, 0, 12, 5, 1, 16, 15, 11, 17, 2, 4, 19, 14]",20.0,0.3,1024
1,1,2240.6768023218924,42,0.0023074579949025065,"[7, 8, 4, 11, 1, 10, 0, 14, 17, 6, 18, 2, 9, 5, 15, 16, 13, 12, 3, 19]",20.0,0.3,1024
2,4,2036.8538900346448,107,0.005949666985543445,"[15, 16, 11, 4, 2, 8, 0, 9, 1, 7, 19, 10, 14, 17, 6, 18, 5, 13, 12, 3]",20.0,0.3,1024
3,16,1635.9640986436737,365,0.017517208005301654,"[15, 4, 11, 16, 2, 8, 0, 3, 1, 7, 19, 10, 14, 17, 6, 13, 9, 18, 12, 5]",20.0,0.3,1024
4,64,1307.6369151712495,1380,0.06055420800112188,"[15, 4, 11, 16, 13, 3, 0, 10, 19, 14, 9, 1, 8, 7, 2, 17, 6, 18, 12, 5]",20.0,0.3,1024
5,256,1300.111952422277,3670,0.1580403750122059,"[15, 4, 11, 16, 13, 3, 0, 10, 19, 9, 14, 1, 8, 7, 2, 17, 6, 18, 12, 5]",20.0,0.3,1024
6,1024,1300.111952422277,3670,0.1580403750122059,"[15, 4, 11, 16, 13, 3, 0, 10, 19, 9, 14, 1, 8, 7, 2, 17, 6, 18, 12, 5]",20.0,0.3,1024
