,Iteration,Fitness,FEvals,Time,State,use_fast_mimic,Population Size,Keep Percent,max_iters
0,0,5548.548051740709,200,0.0038294169935397804,"[31, 21, 13, 27, 26, 16, 28, 38, 10, 30, 19, 17, 33, 35, 25, 3, 8, 23, 15, 20, 7, 9, 32, 6, 11, 22, 12, 1, 37, 0, 2, 29, 5, 18, 4, 34, 36, 24, 39, 14]",True,200.0,0.2,1024
1,1,4337.109701967215,402,0.47290245900512673,"[1, 37, 31, 4, 2, 38, 35, 36, 14, 9, 7, 32, 34, 30, 17, 21, 0, 16, 6, 13, 26, 27, 3, 29, 12, 39, 10, 33, 11, 25, 19, 5, 18, 22, 28, 20, 15, 8, 23, 24]",True,200.0,0.2,1024
2,4,4252.810416226486,1006,1.7623620420054067,"[35, 4, 26, 11, 14, 34, 17, 9, 12, 39, 3, 2, 10, 18, 5, 29, 22, 13, 8, 28, 23, 27, 30, 0, 37, 15, 16, 33, 20, 36, 6, 21, 19, 38, 32, 25, 1, 31, 24, 7]",True,200.0,0.2,1024
3,16,4252.810416226486,2614,7.572260541986907,"[35, 4, 26, 11, 14, 34, 17, 9, 12, 39, 3, 2, 10, 18, 5, 29, 22, 13, 8, 28, 23, 27, 30, 0, 37, 15, 16, 33, 20, 36, 6, 21, 19, 38, 32, 25, 1, 31, 24, 7]",True,200.0,0.2,1024
4,64,4252.810416226486,2614,7.572260541986907,"[35, 4, 26, 11, 14, 34, 17, 9, 12, 39, 3, 2, 10, 18, 5, 29, 22, 13, 8, 28, 23, 27, 30, 0, 37, 15, 16, 33, 20, 36, 6, 21, 19, 38, 32, 25, 1, 31, 24, 7]",True,200.0,0.2,1024
5,256,4252.810416226486,2614,7.572260541986907,"[35, 4, 26, 11, 14, 34, 17, 9, 12, 39, 3, 2, 10, 18, 5, 29, 22, 13, 8, 28, 23, 27, 30, 0, 37, 15, 16, 33, 20, 36, 6, 21, 19, 38, 32, 25, 1, 31, 24, 7]",True,200.0,0.2,1024
6,1024,4252.810416226486,2614,7.572260541986907,"[35, 4, 26, 11, 14, 34, 17, 9, 12, 39, 3, 2, 10, 18, 5, 29, 22, 13, 8, 28, 23, 27, 30, 0, 37, 15, 16, 33, 20, 36, 6, 21, 19, 38, 32, 25, 1, 31, 24, 7]",True,200.0,0.2,1024
