,Iteration,Fitness,FEvals,Time,State,use_fast_mimic,Population Size,Keep Percent,max_iters
0,0,2732.622701065845,200,0.002645417000167072,"[6, 5, 9, 7, 8, 2, 17, 0, 11, 10, 4, 13, 12, 15, 19, 3, 14, 18, 16, 1]",True,200.0,0.2,1024
1,1,1962.5569732768886,402,0.07208945800084621,"[9, 17, 6, 11, 16, 12, 15, 4, 14, 19, 1, 7, 2, 0, 5, 18, 13, 3, 10, 8]",True,200.0,0.2,1024
2,4,1699.2584409329218,1008,0.27514945800066926,"[14, 9, 11, 16, 4, 6, 5, 15, 0, 3, 13, 12, 18, 10, 2, 8, 7, 19, 17, 1]",True,200.0,0.2,1024
3,16,1646.0646003579718,3422,1.268931500002509,"[14, 9, 11, 16, 4, 6, 5, 15, 0, 3, 18, 12, 13, 10, 2, 8, 7, 19, 17, 1]",True,200.0,0.2,1024
4,64,1646.0646003579718,3422,1.268931500002509,"[14, 9, 11, 16, 4, 6, 5, 15, 0, 3, 18, 12, 13, 10, 2, 8, 7, 19, 17, 1]",True,200.0,0.2,1024
5,256,1646.0646003579718,3422,1.268931500002509,"[14, 9, 11, 16, 4, 6, 5, 15, 0, 3, 18, 12, 13, 10, 2, 8, 7, 19, 17, 1]",True,200.0,0.2,1024
6,1024,1646.0646003579718,3422,1.268931500002509,"[14, 9, 11, 16, 4, 6, 5, 15, 0, 3, 18, 12, 13, 10, 2, 8, 7, 19, 17, 1]",True,200.0,0.2,1024
