,Iteration,Fitness,FEvals,Time,State,Population Size,Mutation Rate,max_iters
0,0,8664.617157128498,20,0.0006039160070940852,"[45, 32, 51, 14, 4, 22, 50, 42, 48, 17, 67, 64, 35, 19, 39, 15, 60, 13, 16, 36, 55, 53, 34, 33, 49, 9, 66, 52, 68, 46, 27, 65, 10, 25, 63, 0, 8, 37, 23, 30, 41, 44, 43, 6, 31, 3, 58, 24, 47, 21, 54, 20, 57, 62, 5, 61, 18, 29, 56, 28, 40, 1, 12, 11, 59, 26, 69, 2, 7, 38]",20.0,0.3,1024
1,1,8162.646969849247,42,0.003914166009053588,"[11, 56, 24, 54, 60, 15, 0, 35, 39, 6, 17, 16, 5, 12, 51, 40, 55, 2, 18, 34, 63, 50, 28, 36, 29, 67, 68, 26, 42, 66, 48, 20, 25, 9, 1, 62, 23, 52, 31, 38, 58, 45, 10, 44, 47, 30, 61, 4, 33, 59, 41, 14, 21, 64, 22, 27, 3, 49, 37, 46, 19, 32, 7, 57, 43, 69, 8, 13, 53, 65]",20.0,0.3,1024
2,4,7964.964686959835,106,0.011095791007392108,"[51, 40, 55, 2, 11, 1, 34, 63, 50, 17, 16, 28, 36, 29, 67, 68, 26, 42, 6, 60, 48, 20, 5, 25, 9, 35, 18, 62, 23, 52, 31, 38, 58, 45, 10, 44, 47, 12, 30, 15, 61, 4, 33, 59, 24, 54, 41, 14, 0, 56, 21, 66, 64, 22, 27, 3, 49, 37, 46, 39, 19, 32, 7, 57, 43, 69, 8, 13, 53, 65]",20.0,0.3,1024
3,16,7155.76542676468,365,0.03755387500859797,"[51, 28, 55, 2, 11, 1, 34, 40, 63, 50, 17, 16, 36, 29, 67, 68, 65, 42, 6, 60, 48, 20, 5, 25, 9, 35, 18, 62, 23, 66, 53, 52, 31, 38, 58, 45, 10, 44, 26, 47, 12, 30, 15, 61, 4, 33, 59, 24, 54, 41, 14, 0, 56, 21, 39, 64, 22, 27, 3, 49, 37, 43, 46, 19, 32, 7, 57, 69, 8, 13]",20.0,0.3,1024
4,64,6104.09261270299,1388,0.13775837499997579,"[51, 28, 55, 2, 11, 1, 34, 40, 63, 50, 52, 54, 16, 36, 29, 67, 6, 21, 42, 68, 0, 48, 20, 5, 17, 65, 25, 9, 33, 18, 62, 64, 66, 53, 60, 38, 58, 45, 10, 44, 47, 26, 12, 23, 39, 41, 30, 61, 4, 35, 31, 59, 24, 14, 56, 15, 22, 27, 3, 49, 37, 46, 43, 19, 32, 7, 57, 69, 8, 13]",20.0,0.3,1024
5,256,4630.346061070964,5453,0.54303791600978,"[30, 0, 49, 63, 11, 1, 43, 40, 2, 58, 8, 59, 16, 36, 44, 66, 60, 48, 6, 29, 12, 42, 64, 51, 67, 22, 5, 47, 52, 25, 24, 50, 33, 18, 53, 62, 55, 68, 17, 38, 45, 14, 10, 26, 28, 23, 39, 41, 21, 20, 46, 61, 65, 31, 4, 35, 54, 9, 56, 37, 15, 27, 3, 34, 19, 32, 7, 57, 69, 13]",20.0,0.3,1024
6,1024,3369.9012353086114,21643,2.225622750003822,"[65, 6, 49, 63, 11, 45, 25, 40, 8, 7, 58, 2, 59, 1, 16, 36, 44, 17, 47, 18, 60, 26, 41, 29, 15, 42, 64, 51, 67, 0, 5, 22, 23, 30, 21, 50, 43, 13, 48, 61, 53, 62, 55, 66, 68, 33, 9, 38, 24, 14, 10, 56, 37, 12, 39, 28, 46, 20, 52, 54, 4, 35, 31, 34, 3, 27, 19, 32, 57, 69]",20.0,0.3,1024
