,Iteration,Fitness,FEvals,Time,State,Population Size,Mutation Rate,max_iters
0,0,9323.961191443379,20,0.0006115410069469362,"[50, 26, 59, 20, 51, 30, 18, 61, 24, 4, 49, 31, 13, 40, 58, 57, 36, 33, 43, 5, 28, 47, 39, 60, 67, 11, 15, 38, 37, 41, 56, 65, 69, 7, 46, 62, 16, 45, 21, 9, 48, 6, 42, 23, 54, 1, 55, 25, 27, 29, 12, 2, 32, 35, 53, 64, 52, 14, 34, 44, 8, 0, 22, 66, 68, 17, 63, 19, 10, 3]",20.0,0.3,1024
1,1,8213.376659726364,42,0.003929916012566537,"[43, 8, 6, 11, 63, 44, 26, 53, 68, 19, 67, 50, 13, 32, 36, 25, 33, 66, 23, 52, 35, 4, 14, 37, 59, 48, 55, 42, 30, 28, 5, 27, 7, 62, 49, 54, 65, 10, 20, 34, 41, 60, 2, 39, 46, 3, 9, 1, 16, 45, 15, 61, 18, 21, 69, 24, 38, 17, 22, 29, 64, 31, 0, 40, 58, 57, 47, 56, 51, 12]",20.0,0.3,1024
2,4,7750.982106664597,106,0.011308457993436605,"[4, 14, 37, 32, 59, 48, 55, 42, 30, 10, 52, 63, 7, 19, 43, 8, 45, 11, 44, 26, 53, 68, 67, 50, 13, 36, 25, 33, 66, 23, 28, 5, 27, 62, 49, 54, 65, 20, 34, 41, 60, 6, 35, 2, 39, 46, 3, 9, 1, 16, 29, 64, 15, 40, 47, 61, 31, 24, 57, 51, 21, 18, 69, 17, 12, 58, 56, 22, 0, 38]",20.0,0.3,1024
3,16,7005.809088192549,364,0.03789716601022519,"[43, 4, 14, 37, 63, 59, 48, 55, 60, 30, 10, 52, 32, 7, 19, 8, 45, 11, 44, 26, 53, 42, 49, 47, 67, 50, 13, 36, 25, 33, 66, 23, 28, 5, 27, 62, 6, 56, 21, 35, 54, 65, 20, 34, 18, 41, 2, 39, 46, 3, 9, 1, 16, 15, 61, 69, 24, 38, 17, 22, 0, 40, 58, 29, 12, 68, 64, 51, 57, 31]",20.0,0.3,1024
4,64,6182.918332604678,1387,0.14086808302090503,"[43, 58, 14, 37, 63, 59, 29, 55, 60, 30, 33, 4, 52, 32, 7, 2, 8, 45, 11, 44, 26, 53, 68, 67, 50, 13, 36, 25, 10, 21, 42, 49, 47, 5, 23, 28, 66, 20, 27, 62, 12, 56, 19, 35, 54, 65, 34, 40, 41, 39, 46, 3, 9, 1, 16, 15, 61, 69, 24, 38, 17, 6, 48, 18, 22, 64, 0, 51, 57, 31]",20.0,0.3,1024
5,256,4561.16036656557,5463,0.5431863330013584,"[43, 13, 14, 37, 63, 24, 40, 48, 60, 55, 21, 30, 33, 57, 4, 52, 32, 9, 2, 7, 8, 58, 25, 11, 10, 56, 41, 67, 64, 68, 29, 50, 26, 36, 16, 12, 39, 42, 15, 5, 23, 28, 66, 20, 27, 53, 62, 61, 44, 49, 19, 35, 69, 31, 54, 65, 34, 47, 18, 22, 46, 3, 1, 45, 59, 38, 17, 6, 51, 0]",20.0,0.3,1024
6,1024,3234.7844488094747,21659,2.2034045410109684,"[16, 13, 6, 17, 44, 10, 56, 33, 50, 26, 68, 66, 55, 30, 21, 48, 65, 57, 4, 19, 32, 31, 54, 40, 58, 24, 2, 7, 8, 25, 59, 14, 37, 15, 29, 64, 0, 67, 41, 49, 36, 63, 12, 39, 42, 28, 22, 23, 5, 3, 27, 20, 60, 61, 43, 9, 38, 52, 35, 69, 47, 34, 18, 46, 53, 62, 51, 1, 45, 11]",20.0,0.3,1024
