,Iteration,Fitness,FEvals,Time,State,use_fast_mimic,Population Size,Keep Percent,max_iters
0,0,9323.961191443379,200,0.005308708001393825,"[50, 26, 59, 20, 51, 30, 18, 61, 24, 4, 49, 31, 13, 40, 58, 57, 36, 33, 43, 5, 28, 47, 39, 60, 67, 11, 15, 38, 37, 41, 56, 65, 69, 7, 46, 62, 16, 45, 21, 9, 48, 6, 42, 23, 54, 1, 55, 25, 27, 29, 12, 2, 32, 35, 53, 64, 52, 14, 34, 44, 8, 0, 22, 66, 68, 17, 63, 19, 10, 3]",True,200.0,0.2,1024
1,1,7914.180256533989,402,1.632559541001683,"[32, 31, 62, 24, 16, 7, 17, 27, 50, 13, 18, 20, 34, 67, 61, 33, 39, 37, 1, 11, 21, 46, 38, 14, 58, 52, 6, 26, 45, 51, 30, 56, 10, 2, 40, 19, 29, 0, 8, 59, 36, 41, 42, 68, 9, 15, 48, 4, 12, 3, 66, 5, 28, 53, 65, 69, 54, 63, 22, 35, 57, 55, 23, 43, 44, 49, 47, 64, 60, 25]",True,200.0,0.2,1024
2,4,7914.180256533989,1005,8.85061145797954,"[32, 31, 62, 24, 16, 7, 17, 27, 50, 13, 18, 20, 34, 67, 61, 33, 39, 37, 1, 11, 21, 46, 38, 14, 58, 52, 6, 26, 45, 51, 30, 56, 10, 2, 40, 19, 29, 0, 8, 59, 36, 41, 42, 68, 9, 15, 48, 4, 12, 3, 66, 5, 28, 53, 65, 69, 54, 63, 22, 35, 57, 55, 23, 43, 44, 49, 47, 64, 60, 25]",True,200.0,0.2,1024
3,16,7914.180256533989,2412,44.64845066599082,"[32, 31, 62, 24, 16, 7, 17, 27, 50, 13, 18, 20, 34, 67, 61, 33, 39, 37, 1, 11, 21, 46, 38, 14, 58, 52, 6, 26, 45, 51, 30, 56, 10, 2, 40, 19, 29, 0, 8, 59, 36, 41, 42, 68, 9, 15, 48, 4, 12, 3, 66, 5, 28, 53, 65, 69, 54, 63, 22, 35, 57, 55, 23, 43, 44, 49, 47, 64, 60, 25]",True,200.0,0.2,1024
4,64,7914.180256533989,2412,44.64845066599082,"[32, 31, 62, 24, 16, 7, 17, 27, 50, 13, 18, 20, 34, 67, 61, 33, 39, 37, 1, 11, 21, 46, 38, 14, 58, 52, 6, 26, 45, 51, 30, 56, 10, 2, 40, 19, 29, 0, 8, 59, 36, 41, 42, 68, 9, 15, 48, 4, 12, 3, 66, 5, 28, 53, 65, 69, 54, 63, 22, 35, 57, 55, 23, 43, 44, 49, 47, 64, 60, 25]",True,200.0,0.2,1024
5,256,7914.180256533989,2412,44.64845066599082,"[32, 31, 62, 24, 16, 7, 17, 27, 50, 13, 18, 20, 34, 67, 61, 33, 39, 37, 1, 11, 21, 46, 38, 14, 58, 52, 6, 26, 45, 51, 30, 56, 10, 2, 40, 19, 29, 0, 8, 59, 36, 41, 42, 68, 9, 15, 48, 4, 12, 3, 66, 5, 28, 53, 65, 69, 54, 63, 22, 35, 57, 55, 23, 43, 44, 49, 47, 64, 60, 25]",True,200.0,0.2,1024
6,1024,7914.180256533989,2412,44.64845066599082,"[32, 31, 62, 24, 16, 7, 17, 27, 50, 13, 18, 20, 34, 67, 61, 33, 39, 37, 1, 11, 21, 46, 38, 14, 58, 52, 6, 26, 45, 51, 30, 56, 10, 2, 40, 19, 29, 0, 8, 59, 36, 41, 42, 68, 9, 15, 48, 4, 12, 3, 66, 5, 28, 53, 65, 69, 54, 63, 22, 35, 57, 55, 23, 43, 44, 49, 47, 64, 60, 25]",True,200.0,0.2,1024
