,Iteration,Time,Fitness,FEvals,Population Size,Mutation Rate,max_iters
0,0,9.920800221152604e-05,9.0,0.0,200.0,0.3,1024
1,1,0.003800999984377995,18.0,2.0,200.0,0.3,1024
2,2,0.007317207986488938,18.0,3.0,200.0,0.3,1024
3,3,0.009805916983168572,18.0,4.0,200.0,0.3,1024
4,4,0.012254832981852815,18.0,5.0,200.0,0.3,1024
5,5,0.015739291993668303,18.0,6.0,200.0,0.3,1024
6,6,0.018255332979606465,18.0,7.0,200.0,0.3,1024
7,7,0.020660791982663795,18.0,8.0,200.0,0.3,1024
8,8,0.0230668330041226,19.0,10.0,200.0,0.3,1024
