,Iteration,Fitness,FEvals,Time,State,use_fast_mimic,Population Size,Keep Percent,max_iters
0,0,9141.71726713358,200,0.005303874990204349,"[13, 14, 38, 26, 21, 25, 40, 47, 65, 68, 17, 5, 2, 69, 6, 1, 9, 64, 49, 67, 36, 10, 27, 22, 0, 18, 33, 41, 56, 19, 4, 16, 28, 37, 29, 48, 20, 30, 61, 46, 34, 51, 53, 52, 66, 35, 23, 42, 55, 59, 43, 45, 24, 15, 7, 32, 63, 44, 50, 62, 11, 58, 8, 60, 3, 57, 39, 54, 12, 31]",True,200.0,0.2,1024
1,1,7786.980498215624,402,1.6416352080123033,"[1, 11, 45, 26, 4, 47, 62, 43, 48, 22, 23, 35, 44, 57, 13, 32, 38, 58, 12, 39, 18, 55, 53, 19, 7, 14, 15, 30, 41, 36, 64, 16, 29, 0, 21, 42, 61, 28, 8, 50, 59, 2, 25, 65, 52, 69, 60, 6, 5, 49, 10, 51, 54, 17, 37, 56, 3, 27, 40, 9, 33, 67, 46, 68, 63, 66, 24, 31, 20, 34]",True,200.0,0.2,1024
2,4,7786.980498215624,1005,7.379351665993454,"[1, 11, 45, 26, 4, 47, 62, 43, 48, 22, 23, 35, 44, 57, 13, 32, 38, 58, 12, 39, 18, 55, 53, 19, 7, 14, 15, 30, 41, 36, 64, 16, 29, 0, 21, 42, 61, 28, 8, 50, 59, 2, 25, 65, 52, 69, 60, 6, 5, 49, 10, 51, 54, 17, 37, 56, 3, 27, 40, 9, 33, 67, 46, 68, 63, 66, 24, 31, 20, 34]",True,200.0,0.2,1024
3,16,7786.980498215624,2412,48.41713391599478,"[1, 11, 45, 26, 4, 47, 62, 43, 48, 22, 23, 35, 44, 57, 13, 32, 38, 58, 12, 39, 18, 55, 53, 19, 7, 14, 15, 30, 41, 36, 64, 16, 29, 0, 21, 42, 61, 28, 8, 50, 59, 2, 25, 65, 52, 69, 60, 6, 5, 49, 10, 51, 54, 17, 37, 56, 3, 27, 40, 9, 33, 67, 46, 68, 63, 66, 24, 31, 20, 34]",True,200.0,0.2,1024
4,64,7786.980498215624,2412,48.41713391599478,"[1, 11, 45, 26, 4, 47, 62, 43, 48, 22, 23, 35, 44, 57, 13, 32, 38, 58, 12, 39, 18, 55, 53, 19, 7, 14, 15, 30, 41, 36, 64, 16, 29, 0, 21, 42, 61, 28, 8, 50, 59, 2, 25, 65, 52, 69, 60, 6, 5, 49, 10, 51, 54, 17, 37, 56, 3, 27, 40, 9, 33, 67, 46, 68, 63, 66, 24, 31, 20, 34]",True,200.0,0.2,1024
5,256,7786.980498215624,2412,48.41713391599478,"[1, 11, 45, 26, 4, 47, 62, 43, 48, 22, 23, 35, 44, 57, 13, 32, 38, 58, 12, 39, 18, 55, 53, 19, 7, 14, 15, 30, 41, 36, 64, 16, 29, 0, 21, 42, 61, 28, 8, 50, 59, 2, 25, 65, 52, 69, 60, 6, 5, 49, 10, 51, 54, 17, 37, 56, 3, 27, 40, 9, 33, 67, 46, 68, 63, 66, 24, 31, 20, 34]",True,200.0,0.2,1024
6,1024,7786.980498215624,2412,48.41713391599478,"[1, 11, 45, 26, 4, 47, 62, 43, 48, 22, 23, 35, 44, 57, 13, 32, 38, 58, 12, 39, 18, 55, 53, 19, 7, 14, 15, 30, 41, 36, 64, 16, 29, 0, 21, 42, 61, 28, 8, 50, 59, 2, 25, 65, 52, 69, 60, 6, 5, 49, 10, 51, 54, 17, 37, 56, 3, 27, 40, 9, 33, 67, 46, 68, 63, 66, 24, 31, 20, 34]",True,200.0,0.2,1024
