,Iteration,Fitness,FEvals,Time,State,Population Size,Mutation Rate,max_iters
0,0,4424.23043037748,20,0.00038300000596791506,"[16, 17, 13, 9, 22, 21, 3, 10, 7, 15, 8, 19, 28, 23, 6, 12, 20, 0, 25, 5, 1, 18, 27, 11, 26, 2, 4, 24, 29, 14]",20.0,0.3,1024
1,1,3624.191333582637,42,0.0026239999860990793,"[10, 2, 24, 18, 28, 19, 8, 11, 23, 9, 12, 0, 6, 29, 15, 25, 1, 17, 13, 20, 21, 5, 3, 22, 16, 4, 27, 26, 7, 14]",20.0,0.3,1024
2,4,3539.530504915377,107,0.0069441249943338335,"[10, 2, 24, 22, 28, 19, 8, 11, 23, 9, 12, 17, 6, 29, 15, 20, 0, 18, 26, 25, 1, 13, 21, 5, 3, 16, 4, 27, 7, 14]",20.0,0.3,1024
3,16,2779.632708366477,366,0.021412500005681068,"[10, 2, 24, 21, 12, 9, 23, 18, 19, 28, 27, 22, 20, 0, 26, 14, 25, 11, 17, 4, 1, 8, 6, 29, 15, 13, 5, 3, 16, 7]",20.0,0.3,1024
4,64,2421.178589825188,1384,0.07734020898351446,"[10, 2, 24, 21, 12, 23, 9, 18, 5, 28, 27, 3, 22, 20, 0, 26, 14, 19, 16, 25, 11, 17, 4, 1, 8, 6, 13, 29, 15, 7]",20.0,0.3,1024
5,256,1535.4212328603526,5442,0.2950261250080075,"[2, 10, 6, 17, 21, 23, 0, 12, 18, 3, 5, 28, 29, 15, 27, 22, 20, 26, 13, 14, 19, 9, 16, 25, 11, 7, 4, 1, 8, 24]",20.0,0.3,1024
6,1024,1416.540223173097,13514,0.7466545839852188,"[2, 10, 6, 26, 13, 18, 21, 12, 0, 23, 3, 20, 5, 28, 15, 29, 27, 22, 17, 14, 19, 9, 16, 25, 11, 4, 7, 1, 8, 24]",20.0,0.3,1024
