size,Fitness
10,891.894804715022
20,2047.9066937701061
30,3233.91661532224
40,4618.435512062641
50,5891.066878218385
60,7228.280450974782
70,8044.427627722449
80,9236.653822361213
90,10467.333883309351
