size,Fitness
10,920.0546438690687
20,2068.3156791893534
30,2942.6586543028448
40,3885.569331556403
50,5033.212666649381
60,6300.006086795519
70,7336.080721184202
80,7918.444020185671
90,8988.02031973646
