size,Fitness
10,739.7310629919757
20,1414.67009514748
30,2029.084469551441
40,2265.2829062154606
50,3000.2932948579246
60,3696.868051266928
70,4287.117616091626
80,4640.588413362768
90,5240.99299633502
