,Iteration,Fitness,FEvals,Time,State,use_fast_mimic,Population Size,Keep Percent,max_iters
0,0,9881.973920863036,200,0.005467750015668571,"[68, 32, 30, 38, 46, 59, 35, 31, 53, 36, 14, 26, 50, 3, 10, 24, 0, 20, 56, 1, 6, 61, 40, 7, 49, 33, 16, 34, 5, 69, 52, 63, 37, 28, 55, 2, 29, 51, 11, 66, 65, 39, 23, 48, 9, 21, 44, 41, 47, 12, 57, 58, 42, 25, 62, 67, 18, 60, 22, 4, 15, 19, 8, 27, 17, 54, 43, 64, 13, 45]",True,200.0,0.2,1024
1,1,8094.581830121277,402,1.6393917500099633,"[45, 5, 66, 57, 35, 4, 12, 18, 48, 65, 68, 22, 59, 13, 49, 47, 39, 11, 41, 29, 28, 64, 53, 23, 1, 25, 8, 36, 16, 69, 20, 37, 19, 34, 31, 58, 3, 10, 56, 2, 43, 50, 40, 54, 32, 26, 14, 9, 67, 27, 46, 61, 60, 15, 33, 55, 52, 62, 38, 7, 6, 63, 44, 21, 51, 24, 42, 17, 0, 30]",True,200.0,0.2,1024
2,4,8094.581830121277,1005,7.691851250012405,"[45, 5, 66, 57, 35, 4, 12, 18, 48, 65, 68, 22, 59, 13, 49, 47, 39, 11, 41, 29, 28, 64, 53, 23, 1, 25, 8, 36, 16, 69, 20, 37, 19, 34, 31, 58, 3, 10, 56, 2, 43, 50, 40, 54, 32, 26, 14, 9, 67, 27, 46, 61, 60, 15, 33, 55, 52, 62, 38, 7, 6, 63, 44, 21, 51, 24, 42, 17, 0, 30]",True,200.0,0.2,1024
3,16,8094.581830121277,2412,44.763218792009866,"[45, 5, 66, 57, 35, 4, 12, 18, 48, 65, 68, 22, 59, 13, 49, 47, 39, 11, 41, 29, 28, 64, 53, 23, 1, 25, 8, 36, 16, 69, 20, 37, 19, 34, 31, 58, 3, 10, 56, 2, 43, 50, 40, 54, 32, 26, 14, 9, 67, 27, 46, 61, 60, 15, 33, 55, 52, 62, 38, 7, 6, 63, 44, 21, 51, 24, 42, 17, 0, 30]",True,200.0,0.2,1024
4,64,8094.581830121277,2412,44.763218792009866,"[45, 5, 66, 57, 35, 4, 12, 18, 48, 65, 68, 22, 59, 13, 49, 47, 39, 11, 41, 29, 28, 64, 53, 23, 1, 25, 8, 36, 16, 69, 20, 37, 19, 34, 31, 58, 3, 10, 56, 2, 43, 50, 40, 54, 32, 26, 14, 9, 67, 27, 46, 61, 60, 15, 33, 55, 52, 62, 38, 7, 6, 63, 44, 21, 51, 24, 42, 17, 0, 30]",True,200.0,0.2,1024
5,256,8094.581830121277,2412,44.763218792009866,"[45, 5, 66, 57, 35, 4, 12, 18, 48, 65, 68, 22, 59, 13, 49, 47, 39, 11, 41, 29, 28, 64, 53, 23, 1, 25, 8, 36, 16, 69, 20, 37, 19, 34, 31, 58, 3, 10, 56, 2, 43, 50, 40, 54, 32, 26, 14, 9, 67, 27, 46, 61, 60, 15, 33, 55, 52, 62, 38, 7, 6, 63, 44, 21, 51, 24, 42, 17, 0, 30]",True,200.0,0.2,1024
6,1024,8094.581830121277,2412,44.763218792009866,"[45, 5, 66, 57, 35, 4, 12, 18, 48, 65, 68, 22, 59, 13, 49, 47, 39, 11, 41, 29, 28, 64, 53, 23, 1, 25, 8, 36, 16, 69, 20, 37, 19, 34, 31, 58, 3, 10, 56, 2, 43, 50, 40, 54, 32, 26, 14, 9, 67, 27, 46, 61, 60, 15, 33, 55, 52, 62, 38, 7, 6, 63, 44, 21, 51, 24, 42, 17, 0, 30]",True,200.0,0.2,1024
