,Iteration,Fitness,FEvals,Time,State,Population Size,Mutation Rate,max_iters
0,0,7411.563710672168,20,0.00048454198986291885,"[33, 38, 15, 4, 43, 39, 5, 13, 18, 11, 16, 47, 7, 28, 21, 40, 26, 31, 44, 37, 9, 6, 30, 41, 46, 23, 1, 48, 25, 20, 27, 29, 12, 2, 32, 49, 42, 14, 34, 8, 0, 22, 45, 17, 19, 10, 3, 24, 36, 35]",20.0,0.3,1024
1,1,5836.361840226421,42,0.0032237499835900962,"[44, 13, 15, 35, 12, 5, 10, 40, 7, 4, 32, 43, 46, 47, 1, 8, 28, 39, 33, 41, 45, 29, 25, 27, 11, 17, 30, 18, 37, 49, 16, 14, 3, 22, 42, 20, 36, 34, 31, 21, 26, 38, 24, 48, 0, 9, 2, 23, 6, 19]",20.0,0.3,1024
2,4,5501.853121876323,107,0.00894091700320132,"[49, 1, 32, 20, 18, 0, 28, 3, 23, 46, 5, 43, 11, 4, 27, 10, 42, 12, 30, 33, 14, 44, 13, 15, 40, 7, 35, 47, 8, 39, 21, 37, 2, 48, 17, 29, 41, 45, 25, 16, 22, 36, 34, 31, 26, 38, 24, 9, 19, 6]",20.0,0.3,1024
3,16,5162.704153750579,365,0.028875499992864206,"[44, 13, 15, 35, 49, 1, 32, 20, 18, 0, 28, 3, 23, 10, 5, 43, 11, 4, 27, 46, 42, 12, 30, 40, 7, 47, 8, 39, 33, 41, 21, 37, 2, 48, 17, 29, 22, 25, 45, 16, 14, 36, 34, 31, 26, 38, 24, 9, 6, 19]",20.0,0.3,1024
4,64,3660.327558398263,1389,0.10590724999201484,"[44, 13, 29, 15, 26, 49, 1, 32, 48, 17, 20, 33, 27, 28, 3, 22, 46, 0, 5, 43, 11, 4, 10, 42, 12, 30, 18, 21, 37, 2, 23, 39, 47, 40, 24, 8, 7, 41, 25, 45, 16, 14, 36, 34, 31, 35, 38, 9, 19, 6]",20.0,0.3,1024
5,256,2511.2845504135066,5449,0.4179130420088768,"[13, 44, 29, 15, 37, 26, 49, 34, 42, 21, 3, 5, 22, 46, 27, 28, 20, 33, 2, 38, 25, 11, 17, 10, 31, 12, 30, 18, 48, 41, 0, 23, 39, 47, 40, 24, 8, 7, 4, 45, 1, 35, 16, 14, 36, 32, 43, 9, 19, 6]",20.0,0.3,1024
6,1024,2157.301017094077,16154,1.259307375003118,"[13, 33, 29, 15, 37, 26, 49, 34, 42, 30, 12, 3, 5, 20, 22, 46, 27, 28, 44, 2, 45, 11, 25, 10, 17, 32, 31, 21, 18, 48, 41, 0, 23, 39, 47, 9, 40, 24, 8, 7, 4, 1, 35, 16, 14, 36, 43, 38, 19, 6]",20.0,0.3,1024
