,Iteration,Fitness,FEvals,Time,State,Population Size,Mutation Rate,max_iters
0,0,5414.678498245159,20,0.0004345829947851598,"[23, 5, 38, 16, 9, 6, 4, 20, 22, 37, 2, 19, 18, 1, 14, 27, 25, 29, 36, 10, 30, 26, 33, 32, 21, 13, 24, 15, 7, 39, 0, 28, 34, 35, 11, 8, 3, 17, 12, 31]",20.0,0.3,1024
1,1,4699.100107802922,42,0.002907874993979931,"[3, 33, 5, 34, 31, 9, 38, 20, 10, 19, 6, 13, 8, 36, 37, 2, 18, 4, 14, 17, 35, 1, 22, 39, 28, 12, 30, 16, 25, 11, 21, 29, 23, 7, 24, 26, 27, 15, 32, 0]",20.0,0.3,1024
2,4,4547.730347063357,106,0.007879124983446673,"[3, 33, 5, 34, 31, 9, 38, 20, 10, 19, 14, 35, 36, 7, 32, 4, 25, 22, 27, 21, 29, 26, 2, 18, 17, 23, 37, 1, 15, 6, 28, 30, 13, 39, 11, 24, 12, 0, 16, 8]",20.0,0.3,1024
3,16,3896.080784109433,363,0.024945832992671058,"[3, 33, 5, 34, 9, 14, 35, 1, 7, 32, 4, 25, 22, 27, 12, 26, 13, 8, 21, 30, 24, 16, 19, 18, 17, 0, 37, 29, 36, 38, 2, 31, 10, 23, 39, 15, 6, 28, 20, 11]",20.0,0.3,1024
4,64,3027.4967679339643,1396,0.09079175000078976,"[15, 33, 5, 19, 14, 9, 35, 1, 7, 32, 4, 25, 24, 22, 27, 28, 26, 13, 8, 11, 30, 36, 16, 0, 12, 37, 34, 18, 29, 17, 38, 2, 31, 10, 21, 39, 3, 23, 20, 6]",20.0,0.3,1024
5,256,2099.2271008461958,5452,0.35068162498646416,"[5, 34, 33, 19, 17, 14, 38, 9, 35, 1, 7, 25, 4, 16, 32, 36, 10, 15, 22, 27, 28, 26, 13, 31, 24, 11, 8, 2, 6, 30, 20, 12, 18, 29, 21, 37, 39, 23, 3, 0]",20.0,0.3,1024
6,1024,1713.464148413605,17359,1.1424728329875506,"[5, 18, 34, 33, 17, 19, 14, 38, 16, 35, 8, 1, 7, 25, 4, 9, 32, 36, 10, 26, 20, 27, 22, 28, 15, 13, 6, 31, 24, 11, 2, 37, 29, 12, 39, 21, 30, 3, 23, 0]",20.0,0.3,1024
