,Iteration,Fitness,FEvals,Time,State,use_fast_mimic,Population Size,Keep Percent,max_iters
0,0,5414.678498245159,200,0.00378829101100564,"[23, 5, 38, 16, 9, 6, 4, 20, 22, 37, 2, 19, 18, 1, 14, 27, 25, 29, 36, 10, 30, 26, 33, 32, 21, 13, 24, 15, 7, 39, 0, 28, 34, 35, 11, 8, 3, 17, 12, 31]",True,200.0,0.2,1024
1,1,4391.324822183626,402,0.2934254580177367,"[39, 20, 36, 25, 32, 27, 23, 29, 37, 4, 5, 0, 3, 13, 2, 11, 24, 21, 33, 1, 30, 16, 38, 19, 34, 10, 7, 31, 9, 35, 6, 15, 12, 28, 22, 8, 26, 18, 17, 14]",True,200.0,0.2,1024
2,4,3982.9512361204197,1006,1.1653938330127858,"[39, 19, 36, 25, 32, 35, 1, 29, 2, 4, 8, 0, 24, 13, 7, 11, 9, 21, 33, 37, 14, 16, 38, 23, 34, 5, 10, 31, 26, 15, 6, 3, 12, 20, 28, 22, 27, 30, 17, 18]",True,200.0,0.2,1024
3,16,3982.9512361204197,2614,5.831543375010369,"[39, 19, 36, 25, 32, 35, 1, 29, 2, 4, 8, 0, 24, 13, 7, 11, 9, 21, 33, 37, 14, 16, 38, 23, 34, 5, 10, 31, 26, 15, 6, 3, 12, 20, 28, 22, 27, 30, 17, 18]",True,200.0,0.2,1024
4,64,3982.9512361204197,2614,5.831543375010369,"[39, 19, 36, 25, 32, 35, 1, 29, 2, 4, 8, 0, 24, 13, 7, 11, 9, 21, 33, 37, 14, 16, 38, 23, 34, 5, 10, 31, 26, 15, 6, 3, 12, 20, 28, 22, 27, 30, 17, 18]",True,200.0,0.2,1024
5,256,3982.9512361204197,2614,5.831543375010369,"[39, 19, 36, 25, 32, 35, 1, 29, 2, 4, 8, 0, 24, 13, 7, 11, 9, 21, 33, 37, 14, 16, 38, 23, 34, 5, 10, 31, 26, 15, 6, 3, 12, 20, 28, 22, 27, 30, 17, 18]",True,200.0,0.2,1024
6,1024,3982.9512361204197,2614,5.831543375010369,"[39, 19, 36, 25, 32, 35, 1, 29, 2, 4, 8, 0, 24, 13, 7, 11, 9, 21, 33, 37, 14, 16, 38, 23, 34, 5, 10, 31, 26, 15, 6, 3, 12, 20, 28, 22, 27, 30, 17, 18]",True,200.0,0.2,1024
