,Iteration,Fitness,FEvals,Time,State,Population Size,Mutation Rate,max_iters
0,0,2610.5619539587265,20,0.0003374170046299696,"[10, 11, 1, 4, 17, 8, 12, 9, 18, 15, 16, 13, 5, 3, 2, 6, 0, 19, 7, 14]",20.0,0.3,1024
1,1,2390.983592473427,42,0.0027430420159362257,"[8, 11, 16, 12, 5, 14, 0, 6, 18, 15, 13, 17, 1, 2, 9, 7, 4, 19, 10, 3]",20.0,0.3,1024
2,4,2297.7169956673356,107,0.006642334017669782,"[19, 10, 13, 6, 11, 3, 9, 4, 15, 5, 17, 12, 16, 8, 7, 2, 0, 18, 1, 14]",20.0,0.3,1024
3,16,1893.129862122701,364,0.018938666995381936,"[19, 10, 12, 17, 8, 7, 4, 11, 16, 5, 3, 0, 6, 18, 15, 13, 1, 14, 9, 2]",20.0,0.3,1024
4,64,1536.907098876169,1377,0.06529324999428354,"[19, 10, 13, 6, 17, 8, 2, 7, 1, 11, 16, 5, 3, 0, 12, 18, 15, 4, 14, 9]",20.0,0.3,1024
5,256,1414.2446356243122,5420,0.24820525001268834,"[16, 6, 13, 10, 19, 9, 14, 1, 8, 7, 2, 17, 15, 5, 3, 0, 12, 18, 4, 11]",20.0,0.3,1024
6,1024,1414.2446356243122,7184,0.3275197920156643,"[16, 6, 13, 10, 19, 9, 14, 1, 8, 7, 2, 17, 15, 5, 3, 0, 12, 18, 4, 11]",20.0,0.3,1024
