,Iteration,Fitness,FEvals,Time,State,Population Size,Mutation Rate,max_iters
0,0,9208.21448815798,20,0.0006001670262776315,"[4, 65, 6, 69, 28, 57, 64, 41, 13, 37, 58, 31, 39, 43, 29, 19, 63, 15, 16, 36, 42, 44, 47, 24, 9, 14, 66, 34, 20, 56, 52, 23, 68, 49, 10, 5, 33, 55, 60, 17, 8, 27, 50, 1, 38, 40, 45, 12, 51, 48, 2, 35, 25, 62, 30, 67, 53, 21, 22, 7, 26, 61, 11, 54, 32, 59, 3, 18, 0, 46]",20.0,0.3,1024
1,1,8460.965640598333,42,0.003927459008991718,"[39, 10, 34, 8, 18, 5, 3, 27, 63, 52, 15, 21, 58, 26, 57, 61, 47, 48, 50, 67, 28, 64, 35, 24, 45, 25, 33, 11, 46, 69, 7, 6, 51, 0, 54, 62, 53, 40, 13, 44, 56, 37, 38, 60, 17, 31, 59, 65, 16, 30, 14, 1, 66, 12, 43, 49, 36, 41, 55, 42, 23, 19, 4, 68, 32, 20, 22, 29, 2, 9]",20.0,0.3,1024
2,4,7942.954072299107,108,0.011281375016551465,"[31, 33, 37, 10, 54, 24, 52, 38, 65, 29, 12, 1, 34, 23, 39, 8, 18, 5, 3, 27, 63, 15, 21, 58, 26, 57, 61, 47, 48, 50, 67, 28, 64, 35, 45, 25, 11, 46, 69, 7, 6, 51, 0, 62, 53, 40, 13, 44, 56, 41, 59, 32, 49, 17, 36, 22, 20, 42, 60, 68, 55, 66, 30, 14, 19, 9, 4, 2, 43, 16]",20.0,0.3,1024
3,16,6945.138089089187,367,0.03734408400487155,"[31, 32, 37, 10, 54, 24, 52, 38, 65, 29, 12, 1, 39, 34, 8, 18, 33, 23, 5, 3, 27, 63, 15, 21, 58, 26, 46, 61, 47, 48, 50, 67, 28, 64, 35, 45, 25, 11, 57, 69, 7, 6, 51, 0, 62, 53, 40, 13, 44, 56, 41, 59, 49, 17, 36, 30, 20, 42, 60, 68, 55, 66, 22, 16, 14, 43, 19, 4, 2, 9]",20.0,0.3,1024
4,64,6032.595846011158,1388,0.1393519590201322,"[31, 32, 37, 10, 45, 24, 52, 38, 65, 41, 29, 12, 40, 13, 34, 54, 8, 18, 0, 23, 39, 5, 3, 27, 63, 15, 1, 35, 58, 26, 46, 47, 61, 48, 42, 67, 28, 64, 21, 33, 25, 11, 57, 69, 7, 6, 50, 51, 62, 53, 36, 44, 56, 59, 49, 17, 30, 20, 60, 68, 55, 66, 22, 16, 14, 43, 19, 4, 2, 9]",20.0,0.3,1024
5,256,4594.04231706502,5459,0.5456569590023719,"[31, 32, 37, 10, 45, 1, 52, 38, 40, 26, 41, 29, 12, 15, 13, 9, 54, 35, 50, 68, 28, 22, 23, 39, 5, 3, 27, 20, 46, 63, 2, 8, 24, 58, 65, 34, 18, 47, 48, 61, 51, 42, 67, 0, 64, 30, 21, 33, 49, 14, 11, 25, 57, 4, 69, 7, 6, 62, 53, 36, 16, 56, 44, 59, 17, 60, 55, 66, 43, 19]",20.0,0.3,1024
6,1024,3231.0638864559864,21647,2.2175667920091655,"[32, 31, 40, 2, 45, 1, 14, 10, 56, 63, 41, 29, 15, 37, 44, 38, 9, 7, 35, 54, 65, 13, 21, 30, 68, 5, 0, 42, 12, 39, 22, 23, 28, 55, 53, 3, 27, 20, 46, 60, 62, 50, 58, 8, 52, 34, 47, 18, 48, 61, 66, 64, 51, 67, 33, 49, 16, 11, 25, 57, 4, 69, 24, 59, 36, 17, 6, 26, 43, 19]",20.0,0.3,1024
