,Iteration,Fitness,FEvals,Time,State,use_fast_mimic,Population Size,Keep Percent,max_iters
0,0,9208.21448815798,200,0.005902208009501919,"[4, 65, 6, 69, 28, 57, 64, 41, 13, 37, 58, 31, 39, 43, 29, 19, 63, 15, 16, 36, 42, 44, 47, 24, 9, 14, 66, 34, 20, 56, 52, 23, 68, 49, 10, 5, 33, 55, 60, 17, 8, 27, 50, 1, 38, 40, 45, 12, 51, 48, 2, 35, 25, 62, 30, 67, 53, 21, 22, 7, 26, 61, 11, 54, 32, 59, 3, 18, 0, 46]",True,200.0,0.2,1024
1,1,7788.085580772127,402,2.253673333005281,"[55, 61, 64, 39, 37, 40, 24, 41, 22, 32, 26, 57, 1, 35, 14, 45, 10, 18, 30, 51, 9, 44, 42, 23, 20, 54, 63, 17, 36, 56, 29, 27, 49, 4, 46, 16, 67, 33, 28, 3, 60, 31, 38, 2, 58, 7, 52, 8, 50, 66, 12, 0, 21, 5, 68, 13, 11, 59, 6, 48, 43, 25, 65, 69, 47, 15, 62, 19, 34, 53]",True,200.0,0.2,1024
2,4,7705.641174034421,1006,8.236261375015602,"[55, 61, 64, 39, 37, 40, 21, 41, 22, 32, 26, 57, 1, 35, 14, 45, 10, 18, 30, 51, 9, 44, 42, 23, 20, 54, 63, 17, 36, 56, 29, 27, 49, 4, 46, 16, 67, 33, 28, 3, 60, 31, 38, 2, 58, 7, 52, 8, 50, 66, 12, 0, 62, 5, 68, 13, 11, 59, 6, 48, 43, 25, 65, 69, 47, 15, 24, 19, 34, 53]",True,200.0,0.2,1024
3,16,7316.806623670993,3420,76.02768808300607,"[55, 61, 64, 39, 37, 40, 24, 58, 16, 32, 26, 10, 1, 35, 14, 45, 54, 18, 30, 51, 9, 44, 42, 23, 22, 60, 63, 17, 36, 56, 21, 27, 49, 4, 46, 29, 67, 33, 28, 3, 20, 57, 38, 2, 59, 7, 52, 8, 50, 31, 12, 0, 66, 5, 68, 13, 11, 41, 6, 48, 43, 25, 65, 69, 47, 15, 62, 19, 34, 53]",True,200.0,0.2,1024
4,64,7316.806623670993,3621,81.78550337499473,"[55, 61, 64, 39, 37, 40, 24, 58, 16, 32, 26, 10, 1, 35, 14, 45, 54, 18, 30, 51, 9, 44, 42, 23, 22, 60, 63, 17, 36, 56, 21, 27, 49, 4, 46, 29, 67, 33, 28, 3, 20, 57, 38, 2, 59, 7, 52, 8, 50, 31, 12, 0, 66, 5, 68, 13, 11, 41, 6, 48, 43, 25, 65, 69, 47, 15, 62, 19, 34, 53]",True,200.0,0.2,1024
5,256,7316.806623670993,3621,81.78550337499473,"[55, 61, 64, 39, 37, 40, 24, 58, 16, 32, 26, 10, 1, 35, 14, 45, 54, 18, 30, 51, 9, 44, 42, 23, 22, 60, 63, 17, 36, 56, 21, 27, 49, 4, 46, 29, 67, 33, 28, 3, 20, 57, 38, 2, 59, 7, 52, 8, 50, 31, 12, 0, 66, 5, 68, 13, 11, 41, 6, 48, 43, 25, 65, 69, 47, 15, 62, 19, 34, 53]",True,200.0,0.2,1024
6,1024,7316.806623670993,3621,81.78550337499473,"[55, 61, 64, 39, 37, 40, 24, 58, 16, 32, 26, 10, 1, 35, 14, 45, 54, 18, 30, 51, 9, 44, 42, 23, 22, 60, 63, 17, 36, 56, 21, 27, 49, 4, 46, 29, 67, 33, 28, 3, 20, 57, 38, 2, 59, 7, 52, 8, 50, 31, 12, 0, 66, 5, 68, 13, 11, 41, 6, 48, 43, 25, 65, 69, 47, 15, 62, 19, 34, 53]",True,200.0,0.2,1024
