,Population Size,Keep Percent,max_attempts,Iteration,max_iters,Fitness,FEvals,Time
0,100,0.2,10,1,1024,8.75,1.875,0.0022609842562815174
3,200,0.2,10,1,1024,8.75,1.875,0.0022609842562815174
1,100,0.2,100,1,1024,8.75,1.875,0.002122468620655127
4,200,0.2,100,1,1024,8.75,1.875,0.002122468620655127
2,100,0.2,500,1,1024,8.75,1.875,0.0021317291211744305
5,200,0.2,500,1,1024,8.75,1.875,0.0021317291211744305
