,Population Size,Keep Percent,max_attempts,Iteration,max_iters,Fitness,FEvals,Time
0,200,0.2,10,15,1024,43.25,3218.75,0.008118072750221472
1,200,0.2,100,105,1024,43.25,21308.75,0.008823770738672465
2,200,0.2,500,505,1024,43.25,101708.75,0.011014124742359854
