,Iteration,Fitness,FEvals,Time,State,use_fast_mimic,Population Size,Keep Percent,max_iters
0,0,7530.710950902541,200,0.004743875004351139,"[4, 12, 51, 18, 56, 47, 49, 17, 57, 33, 2, 38, 10, 48, 13, 30, 50, 3, 26, 28, 5, 9, 22, 31, 32, 25, 39, 27, 45, 34, 15, 29, 55, 43, 0, 54, 21, 8, 44, 46, 23, 11, 7, 6, 40, 52, 37, 42, 41, 24, 20, 36, 53, 35, 59, 19, 14, 58, 16, 1]",True,200.0,0.2,1024
1,1,6975.414476511218,402,0.9522576250019483,"[39, 46, 57, 21, 59, 24, 10, 45, 42, 14, 51, 48, 58, 52, 11, 25, 7, 44, 29, 41, 1, 35, 36, 38, 19, 49, 30, 47, 56, 54, 17, 50, 15, 4, 8, 32, 16, 27, 3, 31, 26, 9, 37, 12, 28, 53, 33, 23, 34, 6, 20, 18, 13, 55, 22, 2, 43, 0, 5, 40]",True,200.0,0.2,1024
2,4,6395.611938531778,1007,4.194820208998863,"[39, 46, 20, 21, 59, 24, 10, 45, 42, 14, 51, 47, 58, 52, 11, 25, 7, 44, 29, 41, 1, 35, 36, 57, 19, 49, 30, 5, 56, 54, 17, 50, 15, 4, 8, 32, 16, 27, 3, 31, 26, 9, 37, 12, 28, 53, 33, 48, 34, 6, 38, 18, 13, 55, 22, 2, 43, 0, 23, 40]",True,200.0,0.2,1024
3,16,6395.611938531778,2816,28.044725249987096,"[39, 46, 20, 21, 59, 24, 10, 45, 42, 14, 51, 47, 58, 52, 11, 25, 7, 44, 29, 41, 1, 35, 36, 57, 19, 49, 30, 5, 56, 54, 17, 50, 15, 4, 8, 32, 16, 27, 3, 31, 26, 9, 37, 12, 28, 53, 33, 48, 34, 6, 38, 18, 13, 55, 22, 2, 43, 0, 23, 40]",True,200.0,0.2,1024
4,64,6395.611938531778,2816,28.044725249987096,"[39, 46, 20, 21, 59, 24, 10, 45, 42, 14, 51, 47, 58, 52, 11, 25, 7, 44, 29, 41, 1, 35, 36, 57, 19, 49, 30, 5, 56, 54, 17, 50, 15, 4, 8, 32, 16, 27, 3, 31, 26, 9, 37, 12, 28, 53, 33, 48, 34, 6, 38, 18, 13, 55, 22, 2, 43, 0, 23, 40]",True,200.0,0.2,1024
5,256,6395.611938531778,2816,28.044725249987096,"[39, 46, 20, 21, 59, 24, 10, 45, 42, 14, 51, 47, 58, 52, 11, 25, 7, 44, 29, 41, 1, 35, 36, 57, 19, 49, 30, 5, 56, 54, 17, 50, 15, 4, 8, 32, 16, 27, 3, 31, 26, 9, 37, 12, 28, 53, 33, 48, 34, 6, 38, 18, 13, 55, 22, 2, 43, 0, 23, 40]",True,200.0,0.2,1024
6,1024,6395.611938531778,2816,28.044725249987096,"[39, 46, 20, 21, 59, 24, 10, 45, 42, 14, 51, 47, 58, 52, 11, 25, 7, 44, 29, 41, 1, 35, 36, 57, 19, 49, 30, 5, 56, 54, 17, 50, 15, 4, 8, 32, 16, 27, 3, 31, 26, 9, 37, 12, 28, 53, 33, 48, 34, 6, 38, 18, 13, 55, 22, 2, 43, 0, 23, 40]",True,200.0,0.2,1024
