,Iteration,Time,Fitness,FEvals,Population Size,Mutation Rate,max_iters
0,0,6.666700937785208e-05,9.0,0.0,200.0,0.3,1024
1,1,0.0032920420053415,9.0,1.0,200.0,0.3,1024
