,Iteration,Fitness,FEvals,Time,State,use_fast_mimic,Population Size,Keep Percent,max_iters
0,0,9.0,0,5.425000563263893e-05,"[0, 1, 0, 1, 0, 1, 0, 1, 0, 1]",True,100.0,0.2,1024
1,1,9.0,1,0.0021715000038966537,"[0, 1, 0, 1, 0, 1, 0, 1, 0, 1]",True,100.0,0.2,1024
2,4,9.0,1,0.0021715000038966537,"[0, 1, 0, 1, 0, 1, 0, 1, 0, 1]",True,100.0,0.2,1024
3,16,9.0,1,0.0021715000038966537,"[0, 1, 0, 1, 0, 1, 0, 1, 0, 1]",True,100.0,0.2,1024
4,64,9.0,1,0.0021715000038966537,"[0, 1, 0, 1, 0, 1, 0, 1, 0, 1]",True,100.0,0.2,1024
5,256,9.0,1,0.0021715000038966537,"[0, 1, 0, 1, 0, 1, 0, 1, 0, 1]",True,100.0,0.2,1024
6,1024,9.0,1,0.0021715000038966537,"[0, 1, 0, 1, 0, 1, 0, 1, 0, 1]",True,100.0,0.2,1024
