,Iteration,Fitness,FEvals,Time,State,Population Size,Mutation Rate,max_iters
0,0,8431.632717139237,20,0.0005906659935135394,"[20, 34, 14, 26, 57, 58, 40, 50, 10, 3, 55, 24, 31, 30, 56, 1, 52, 28, 7, 39, 42, 16, 32, 5, 38, 36, 33, 6, 35, 44, 48, 2, 29, 41, 11, 54, 23, 9, 21, 12, 59, 47, 25, 51, 53, 18, 49, 22, 4, 15, 19, 8, 27, 17, 43, 0, 13, 45, 37, 46]",20.0,0.3,1024
1,1,7248.524919845228,42,0.0038177499955054373,"[15, 17, 59, 6, 32, 4, 54, 34, 28, 48, 18, 2, 46, 14, 44, 50, 25, 52, 11, 7, 20, 5, 22, 41, 12, 33, 26, 42, 35, 9, 55, 8, 19, 53, 31, 10, 30, 13, 51, 37, 47, 21, 3, 57, 38, 43, 23, 1, 40, 24, 58, 56, 45, 36, 16, 49, 0, 39, 29, 27]",20.0,0.3,1024
2,4,7040.980828637423,107,0.010421249986393377,"[46, 21, 55, 42, 19, 28, 51, 3, 9, 6, 24, 43, 58, 5, 39, 56, 7, 47, 8, 15, 17, 59, 32, 4, 54, 34, 48, 18, 2, 14, 44, 50, 25, 52, 11, 20, 22, 41, 12, 53, 26, 35, 33, 31, 10, 30, 13, 37, 57, 38, 23, 1, 40, 45, 36, 16, 49, 0, 29, 27]",20.0,0.3,1024
3,16,6331.886064814675,365,0.03330191597342491,"[39, 46, 21, 55, 42, 19, 23, 28, 51, 3, 9, 6, 24, 43, 58, 5, 15, 17, 59, 32, 4, 54, 34, 48, 18, 36, 56, 2, 47, 8, 7, 14, 44, 50, 25, 52, 11, 20, 22, 41, 12, 33, 26, 35, 27, 29, 37, 53, 31, 10, 30, 13, 57, 38, 1, 40, 45, 16, 49, 0]",20.0,0.3,1024
4,64,5321.026292698223,1388,0.1367450830002781,"[21, 39, 46, 55, 42, 14, 23, 28, 51, 15, 41, 9, 58, 24, 2, 6, 5, 17, 59, 32, 4, 54, 34, 33, 19, 48, 3, 18, 53, 27, 0, 43, 47, 8, 7, 44, 50, 36, 25, 52, 26, 20, 22, 12, 11, 35, 56, 29, 37, 45, 16, 10, 30, 13, 57, 38, 1, 40, 31, 49]",20.0,0.3,1024
5,256,3817.285373799705,5461,0.49025933298980817,"[40, 39, 46, 55, 12, 5, 23, 28, 42, 34, 15, 41, 14, 9, 31, 24, 2, 6, 33, 7, 11, 4, 59, 54, 38, 10, 19, 48, 3, 53, 18, 27, 0, 21, 47, 49, 32, 43, 17, 44, 36, 8, 25, 52, 26, 20, 22, 51, 50, 45, 1, 35, 57, 56, 29, 30, 37, 13, 58, 16]",20.0,0.3,1024
6,1024,2865.966637911071,21643,1.9597056249913294,"[40, 15, 51, 46, 0, 12, 5, 23, 28, 42, 30, 41, 18, 44, 13, 56, 14, 9, 19, 36, 1, 35, 7, 52, 6, 49, 32, 2, 24, 4, 25, 8, 11, 59, 31, 38, 54, 10, 34, 3, 53, 27, 39, 21, 47, 33, 26, 43, 17, 50, 57, 45, 58, 20, 22, 55, 48, 37, 29, 16]",20.0,0.3,1024
