,Iteration,Fitness,FEvals,Time,State,use_fast_mimic,Population Size,Keep Percent,max_iters
0,0,8431.632717139237,200,0.004657207988202572,"[20, 34, 14, 26, 57, 58, 40, 50, 10, 3, 55, 24, 31, 30, 56, 1, 52, 28, 7, 39, 42, 16, 32, 5, 38, 36, 33, 6, 35, 44, 48, 2, 29, 41, 11, 54, 23, 9, 21, 12, 59, 47, 25, 51, 53, 18, 49, 22, 4, 15, 19, 8, 27, 17, 43, 0, 13, 45, 37, 46]",True,200.0,0.2,1024
1,1,6919.789912113605,402,0.9548170829948504,"[32, 4, 5, 27, 37, 41, 30, 24, 13, 31, 22, 0, 23, 43, 58, 56, 20, 51, 34, 52, 19, 33, 54, 53, 42, 39, 15, 29, 26, 35, 14, 12, 7, 1, 25, 50, 3, 40, 45, 48, 36, 38, 8, 10, 21, 6, 9, 55, 46, 49, 47, 11, 59, 16, 17, 28, 18, 57, 44, 2]",True,200.0,0.2,1024
2,4,6510.431177403341,1006,3.9359331660089083,"[9, 46, 6, 27, 3, 39, 31, 45, 19, 36, 42, 23, 53, 48, 54, 55, 0, 56, 8, 41, 32, 24, 17, 40, 25, 52, 2, 26, 12, 20, 33, 7, 4, 16, 58, 29, 43, 11, 1, 50, 57, 14, 28, 47, 49, 15, 21, 34, 10, 59, 44, 18, 51, 5, 30, 37, 13, 35, 38, 22]",True,200.0,0.2,1024
3,16,6107.630329313244,3420,36.258985332999146,"[9, 46, 6, 27, 3, 39, 31, 45, 19, 36, 42, 23, 53, 48, 15, 55, 0, 56, 8, 41, 32, 24, 17, 40, 25, 52, 2, 26, 12, 20, 33, 7, 4, 16, 58, 29, 43, 11, 1, 50, 57, 14, 28, 47, 49, 22, 21, 34, 10, 59, 44, 18, 51, 5, 30, 37, 13, 35, 38, 54]",True,200.0,0.2,1024
4,64,6107.630329313244,3822,42.5546785829938,"[9, 46, 6, 27, 3, 39, 31, 45, 19, 36, 42, 23, 53, 48, 15, 55, 0, 56, 8, 41, 32, 24, 17, 40, 25, 52, 2, 26, 12, 20, 33, 7, 4, 16, 58, 29, 43, 11, 1, 50, 57, 14, 28, 47, 49, 22, 21, 34, 10, 59, 44, 18, 51, 5, 30, 37, 13, 35, 38, 54]",True,200.0,0.2,1024
5,256,6107.630329313244,3822,42.5546785829938,"[9, 46, 6, 27, 3, 39, 31, 45, 19, 36, 42, 23, 53, 48, 15, 55, 0, 56, 8, 41, 32, 24, 17, 40, 25, 52, 2, 26, 12, 20, 33, 7, 4, 16, 58, 29, 43, 11, 1, 50, 57, 14, 28, 47, 49, 22, 21, 34, 10, 59, 44, 18, 51, 5, 30, 37, 13, 35, 38, 54]",True,200.0,0.2,1024
6,1024,6107.630329313244,3822,42.5546785829938,"[9, 46, 6, 27, 3, 39, 31, 45, 19, 36, 42, 23, 53, 48, 15, 55, 0, 56, 8, 41, 32, 24, 17, 40, 25, 52, 2, 26, 12, 20, 33, 7, 4, 16, 58, 29, 43, 11, 1, 50, 57, 14, 28, 47, 49, 22, 21, 34, 10, 59, 44, 18, 51, 5, 30, 37, 13, 35, 38, 54]",True,200.0,0.2,1024
