,Iteration,Time,Fitness,FEvals,Population Size,Mutation Rate,max_iters
0,0,6.483399192802608e-05,6.0,0.0,200.0,0.3,1024
1,1,0.0033373339974787086,8.0,2.0,200.0,0.3,1024
2,2,0.006509458995424211,8.0,3.0,200.0,0.3,1024
3,3,0.008699666999746114,8.0,4.0,200.0,0.3,1024
4,4,0.010875459003727883,9.0,6.0,200.0,0.3,1024
