,Iteration,Fitness,FEvals,Time,State,use_fast_mimic,Population Size,Keep Percent,max_iters
0,0,6.0,0,5.470801261253655e-05,"[1, 0, 0, 0, 1, 1, 0, 1, 0, 1]",True,100.0,0.2,1024
1,1,8.0,2,0.002152917004423216,"[0.0, 1.0, 0.0, 1.0, 0.0, 1.0, 1.0, 0.0, 1.0, 0.0]",True,100.0,0.2,1024
2,4,8.0,5,0.006417750002583489,"[0.0, 1.0, 0.0, 1.0, 0.0, 1.0, 1.0, 0.0, 1.0, 0.0]",True,100.0,0.2,1024
3,16,8.0,12,0.01552554199588485,"[0.0, 1.0, 0.0, 1.0, 0.0, 1.0, 1.0, 0.0, 1.0, 0.0]",True,100.0,0.2,1024
4,64,8.0,12,0.01552554199588485,"[0.0, 1.0, 0.0, 1.0, 0.0, 1.0, 1.0, 0.0, 1.0, 0.0]",True,100.0,0.2,1024
5,256,8.0,12,0.01552554199588485,"[0.0, 1.0, 0.0, 1.0, 0.0, 1.0, 1.0, 0.0, 1.0, 0.0]",True,100.0,0.2,1024
6,1024,8.0,12,0.01552554199588485,"[0.0, 1.0, 0.0, 1.0, 0.0, 1.0, 1.0, 0.0, 1.0, 0.0]",True,100.0,0.2,1024
