,Iteration,Fitness,FEvals,Time,State,Population Size,Mutation Rate,max_iters
0,0,4843.193821540997,20,0.0004382080223876983,"[2, 25, 4, 31, 37, 13, 27, 32, 0, 34, 36, 26, 22, 30, 28, 18, 11, 29, 7, 23, 6, 21, 17, 12, 33, 35, 8, 3, 5, 15, 10, 9, 24, 20, 39, 19, 14, 38, 16, 1]",20.0,0.3,1024
1,1,4565.712463114522,42,0.002971208014059812,"[28, 9, 6, 13, 39, 3, 7, 22, 15, 11, 8, 16, 5, 19, 38, 34, 20, 2, 10, 32, 26, 4, 24, 31, 23, 30, 14, 25, 35, 36, 21, 33, 29, 17, 1, 27, 37, 18, 12, 0]",20.0,0.3,1024
2,4,4248.643629759547,106,0.007991999998921528,"[9, 1, 31, 0, 37, 39, 26, 6, 11, 7, 25, 5, 20, 3, 16, 19, 38, 34, 29, 22, 15, 32, 13, 28, 35, 33, 12, 30, 10, 36, 4, 23, 27, 21, 17, 2, 24, 8, 18, 14]",20.0,0.3,1024
3,16,3742.896951223579,365,0.025201208016369492,"[9, 1, 2, 0, 29, 37, 39, 26, 6, 31, 11, 7, 25, 16, 4, 19, 38, 5, 34, 20, 10, 32, 8, 24, 3, 22, 15, 13, 28, 23, 30, 35, 33, 12, 36, 27, 21, 17, 18, 14]",20.0,0.3,1024
4,64,2515.190602699042,1389,0.09086145801120438,"[9, 1, 2, 36, 10, 0, 29, 37, 20, 22, 26, 6, 31, 35, 11, 7, 25, 16, 4, 38, 19, 34, 5, 3, 23, 39, 32, 8, 24, 15, 13, 28, 27, 30, 21, 33, 18, 12, 17, 14]",20.0,0.3,1024
5,256,2226.2032182920093,5438,0.35858975001610816,"[8, 1, 35, 36, 9, 16, 14, 17, 29, 37, 20, 22, 15, 6, 31, 24, 2, 11, 7, 25, 4, 38, 19, 12, 0, 5, 3, 23, 39, 32, 26, 13, 28, 27, 30, 21, 18, 34, 33, 10]",20.0,0.3,1024
6,1024,1887.3521910012466,20727,1.376416875020368,"[36, 35, 1, 8, 32, 9, 38, 14, 19, 17, 29, 3, 20, 27, 22, 28, 15, 13, 6, 31, 2, 24, 11, 7, 25, 4, 16, 37, 12, 0, 5, 23, 39, 30, 26, 21, 18, 34, 33, 10]",20.0,0.3,1024
