,Iteration,Fitness,FEvals,Time,State,Population Size,Mutation Rate,max_iters
0,0,9881.973920863036,20,0.000601916981395334,"[68, 32, 30, 38, 46, 59, 35, 31, 53, 36, 14, 26, 50, 3, 10, 24, 0, 20, 56, 1, 6, 61, 40, 7, 49, 33, 16, 34, 5, 69, 52, 63, 37, 28, 55, 2, 29, 51, 11, 66, 65, 39, 23, 48, 9, 21, 44, 41, 47, 12, 57, 58, 42, 25, 62, 67, 18, 60, 22, 4, 15, 19, 8, 27, 17, 54, 43, 64, 13, 45]",20.0,0.3,1024
1,1,8591.315691287233,42,0.003982458991231397,"[18, 53, 38, 54, 48, 16, 44, 0, 26, 8, 34, 28, 56, 43, 7, 5, 3, 55, 60, 33, 63, 36, 9, 32, 66, 69, 37, 59, 14, 47, 50, 1, 17, 12, 49, 64, 27, 24, 42, 41, 4, 2, 19, 65, 20, 21, 52, 45, 35, 25, 13, 57, 31, 68, 46, 29, 40, 6, 51, 61, 67, 11, 39, 22, 10, 58, 15, 23, 30, 62]",20.0,0.3,1024
2,4,8112.550433554144,108,0.011846209003124386,"[21, 20, 31, 48, 15, 6, 65, 34, 28, 9, 54, 43, 3, 46, 29, 57, 61, 30, 40, 18, 53, 38, 16, 44, 0, 26, 68, 64, 39, 37, 52, 5, 60, 47, 7, 42, 8, 24, 19, 41, 45, 56, 27, 13, 1, 25, 32, 2, 11, 59, 12, 22, 55, 35, 4, 69, 58, 33, 51, 23, 63, 49, 67, 17, 66, 10, 62, 14, 50, 36]",20.0,0.3,1024
3,16,7409.717375948916,369,0.039895374997286126,"[21, 20, 31, 48, 15, 6, 65, 34, 28, 9, 54, 43, 19, 30, 13, 52, 66, 0, 55, 3, 46, 29, 57, 61, 40, 18, 53, 50, 38, 16, 26, 68, 64, 39, 37, 5, 60, 47, 7, 44, 42, 8, 24, 41, 45, 56, 27, 1, 25, 32, 2, 11, 59, 12, 22, 35, 4, 69, 58, 33, 51, 23, 63, 49, 67, 62, 17, 10, 14, 36]",20.0,0.3,1024
4,64,5574.469278997234,1397,0.1447734590037726,"[50, 21, 20, 31, 42, 15, 6, 30, 28, 9, 54, 53, 3, 27, 46, 52, 19, 65, 18, 34, 48, 29, 41, 0, 66, 55, 61, 43, 57, 40, 13, 38, 17, 44, 26, 68, 64, 39, 62, 5, 60, 47, 7, 58, 8, 32, 24, 45, 56, 37, 1, 25, 2, 11, 59, 12, 22, 35, 4, 69, 33, 51, 23, 63, 49, 67, 16, 10, 14, 36]",20.0,0.3,1024
5,256,4031.550576598741,5470,0.5488233339856379,"[63, 12, 5, 28, 42, 15, 22, 39, 51, 30, 9, 54, 6, 50, 21, 62, 53, 3, 27, 20, 46, 43, 52, 47, 18, 34, 48, 26, 33, 41, 0, 66, 55, 68, 61, 13, 65, 57, 31, 40, 38, 17, 29, 67, 64, 60, 19, 32, 7, 58, 8, 25, 1, 56, 37, 14, 24, 2, 36, 11, 45, 35, 4, 69, 23, 49, 44, 59, 16, 10]",20.0,0.3,1024
6,1024,3028.922003393403,21655,2.211755333992187,"[37, 12, 39, 15, 42, 28, 5, 64, 29, 49, 38, 9, 43, 50, 30, 55, 62, 53, 3, 27, 20, 46, 60, 18, 47, 34, 13, 48, 61, 26, 6, 33, 21, 0, 66, 68, 52, 40, 57, 19, 54, 41, 67, 51, 23, 22, 65, 31, 32, 8, 7, 24, 58, 25, 2, 44, 63, 10, 56, 14, 16, 11, 45, 1, 59, 35, 4, 69, 17, 36]",20.0,0.3,1024
