,Iteration,Fitness,FEvals,Time,State,Population Size,Mutation Rate,max_iters
0,0,1268.179227849001,20,0.00023987502208910882,"[9, 8, 1, 7, 4, 2, 0, 3, 6, 5]",20.0,0.3,1024
1,1,1025.3776230907165,42,0.0020026670244988054,"[2, 7, 6, 9, 4, 1, 8, 0, 3, 5]",20.0,0.3,1024
2,4,931.5098131312437,108,0.004864125017775223,"[2, 4, 1, 9, 8, 7, 6, 0, 3, 5]",20.0,0.3,1024
3,16,718.6772744381386,365,0.013243375025922433,"[2, 8, 7, 4, 1, 9, 6, 0, 3, 5]",20.0,0.3,1024
4,64,718.6772744381386,1373,0.04334033402847126,"[2, 8, 7, 4, 1, 9, 6, 0, 3, 5]",20.0,0.3,1024
5,256,718.6772744381386,2444,0.0755958340014331,"[2, 8, 7, 4, 1, 9, 6, 0, 3, 5]",20.0,0.3,1024
6,1024,718.6772744381386,2444,0.0755958340014331,"[2, 8, 7, 4, 1, 9, 6, 0, 3, 5]",20.0,0.3,1024
