,Iteration,Time,Fitness,FEvals,Population Size,Mutation Rate,max_iters
0,0,6.629098788835108e-05,3.0,0.0,200.0,0.3,1024
1,1,0.0033320410002488643,8.0,2.0,200.0,0.3,1024
2,2,0.006507915997644886,9.0,4.0,200.0,0.3,1024
