,Iteration,Fitness,FEvals,Time,State,Population Size,Mutation Rate,max_iters
0,0,3.0,0,6.629098788835108e-05,"[1, 0, 0, 1, 1, 1, 1, 0, 0, 0]",200.0,0.3,1024
1,1,8.0,2,0.0033320410002488643,"[0.0, 1.0, 1.0, 0.0, 1.0, 0.0, 1.0, 0.0, 1.0, 0.0]",200.0,0.3,1024
2,4,9.0,4,0.006507915997644886,"[1.0, 0.0, 1.0, 0.0, 1.0, 0.0, 1.0, 0.0, 1.0, 0.0]",200.0,0.3,1024
3,16,9.0,4,0.006507915997644886,"[1.0, 0.0, 1.0, 0.0, 1.0, 0.0, 1.0, 0.0, 1.0, 0.0]",200.0,0.3,1024
4,64,9.0,4,0.006507915997644886,"[1.0, 0.0, 1.0, 0.0, 1.0, 0.0, 1.0, 0.0, 1.0, 0.0]",200.0,0.3,1024
5,256,9.0,4,0.006507915997644886,"[1.0, 0.0, 1.0, 0.0, 1.0, 0.0, 1.0, 0.0, 1.0, 0.0]",200.0,0.3,1024
6,1024,9.0,4,0.006507915997644886,"[1.0, 0.0, 1.0, 0.0, 1.0, 0.0, 1.0, 0.0, 1.0, 0.0]",200.0,0.3,1024
