,Iteration,Time,Fitness,FEvals,use_fast_mimic,Population Size,Keep Percent,max_iters
0,0,5.383300594985485e-05,3.0,0.0,True,100.0,0.2,1024
1,1,0.002514917025109753,8.0,2.0,True,100.0,0.2,1024
2,2,0.004715417016996071,9.0,4.0,True,100.0,0.2,1024
