,Iteration,Fitness,FEvals,Time,State,Population Size,Mutation Rate,max_iters
0,0,5548.548051740709,20,0.0004991249879822135,"[31, 21, 13, 27, 26, 16, 28, 38, 10, 30, 19, 17, 33, 35, 25, 3, 8, 23, 15, 20, 7, 9, 32, 6, 11, 22, 12, 1, 37, 0, 2, 29, 5, 18, 4, 34, 36, 24, 39, 14]",20.0,0.3,1024
1,1,4833.462830417819,42,0.003112457983661443,"[36, 37, 2, 10, 27, 22, 30, 28, 13, 33, 34, 1, 26, 12, 9, 39, 18, 20, 38, 19, 3, 8, 4, 24, 25, 0, 5, 6, 32, 15, 31, 7, 21, 23, 14, 29, 17, 35, 11, 16]",20.0,0.3,1024
2,4,4707.31688461184,107,0.008215540990931913,"[33, 14, 17, 19, 36, 2, 25, 11, 23, 37, 28, 27, 22, 38, 18, 16, 30, 10, 31, 13, 5, 29, 6, 26, 35, 4, 34, 1, 7, 24, 0, 15, 21, 8, 12, 32, 39, 20, 3, 9]",20.0,0.3,1024
3,16,3797.574529017088,364,0.025798749993555248,"[33, 16, 17, 19, 36, 2, 25, 14, 38, 11, 35, 37, 28, 27, 22, 18, 30, 4, 32, 26, 6, 9, 12, 39, 29, 0, 23, 3, 20, 10, 8, 31, 13, 5, 34, 1, 7, 24, 15, 21]",20.0,0.3,1024
4,64,2907.265144689981,1386,0.09381570797995664,"[33, 18, 34, 17, 16, 19, 14, 38, 1, 25, 4, 11, 35, 2, 9, 28, 27, 22, 13, 30, 39, 36, 32, 26, 6, 37, 12, 29, 0, 23, 3, 20, 10, 8, 7, 21, 31, 24, 15, 5]",20.0,0.3,1024
5,256,2302.70780038272,5440,0.3582884999923408,"[18, 33, 34, 17, 14, 19, 16, 38, 4, 25, 1, 7, 35, 2, 9, 32, 36, 20, 27, 22, 28, 13, 30, 39, 37, 26, 6, 15, 21, 12, 29, 0, 23, 3, 10, 8, 11, 24, 31, 5]",20.0,0.3,1024
6,1024,1680.2278889950198,21500,1.4545897909847554,"[29, 18, 34, 33, 17, 19, 14, 38, 16, 4, 25, 7, 8, 1, 35, 9, 32, 36, 21, 20, 27, 22, 28, 15, 13, 6, 26, 30, 39, 23, 3, 5, 0, 12, 37, 10, 2, 11, 24, 31]",20.0,0.3,1024
