,Iteration,Fitness,FEvals,Time,State,Population Size,Mutation Rate,max_iters
0,0,3928.767553093729,20,0.0003794160147663206,"[4, 19, 1, 6, 16, 24, 2, 26, 20, 14, 10, 5, 9, 13, 21, 15, 27, 0, 28, 29, 18, 23, 11, 8, 3, 17, 25, 7, 22, 12]",20.0,0.3,1024
1,1,3334.541102343913,42,0.0026080000097863376,"[20, 28, 18, 19, 15, 24, 1, 4, 22, 5, 3, 0, 10, 29, 17, 6, 13, 26, 14, 7, 2, 8, 25, 12, 9, 23, 16, 11, 27, 21]",20.0,0.3,1024
2,4,3277.3358221789954,106,0.006905083020683378,"[20, 28, 4, 19, 15, 24, 1, 18, 22, 5, 3, 0, 10, 29, 17, 26, 6, 27, 12, 11, 23, 7, 8, 2, 14, 13, 25, 9, 16, 21]",20.0,0.3,1024
3,16,3067.4957653866363,361,0.02100129099562764,"[20, 28, 4, 19, 15, 24, 1, 11, 22, 5, 3, 0, 10, 29, 17, 26, 6, 27, 12, 18, 23, 7, 8, 2, 14, 13, 25, 9, 16, 21]",20.0,0.3,1024
4,64,2420.954637553889,1386,0.07662179099861532,"[20, 5, 28, 22, 27, 26, 15, 24, 1, 11, 4, 3, 0, 13, 6, 10, 29, 17, 19, 18, 12, 23, 7, 8, 2, 14, 25, 16, 9, 21]",20.0,0.3,1024
5,256,1701.5181179899112,5441,0.29061870800796896,"[12, 20, 3, 5, 28, 22, 27, 6, 10, 2, 24, 1, 8, 7, 11, 4, 14, 19, 17, 15, 29, 26, 13, 18, 0, 23, 16, 25, 9, 21]",20.0,0.3,1024
6,1024,1425.515107354657,11644,0.6278253330092411,"[12, 3, 20, 22, 27, 5, 28, 29, 15, 6, 10, 2, 24, 8, 1, 7, 11, 4, 14, 19, 17, 26, 13, 18, 0, 23, 16, 25, 9, 21]",20.0,0.3,1024
