,Iteration,Fitness,FEvals,Time,State,use_fast_mimic,Population Size,Keep Percent,max_iters
0,0,3928.767553093729,200,0.0032600410049781203,"[4, 19, 1, 6, 16, 24, 2, 26, 20, 14, 10, 5, 9, 13, 21, 15, 27, 0, 28, 29, 18, 23, 11, 8, 3, 17, 25, 7, 22, 12]",True,200.0,0.2,1024
1,1,3284.699712799051,402,0.14920887499465607,"[12, 6, 3, 16, 17, 18, 24, 8, 1, 2, 7, 25, 11, 9, 29, 14, 10, 19, 5, 15, 20, 26, 13, 0, 23, 4, 27, 22, 21, 28]",True,200.0,0.2,1024
2,4,3045.581956264083,1007,0.5764157910016365,"[2, 10, 17, 13, 5, 22, 23, 18, 0, 1, 24, 12, 25, 4, 11, 7, 16, 8, 9, 21, 29, 6, 28, 14, 19, 26, 20, 27, 3, 15]",True,200.0,0.2,1024
3,16,2929.170935028539,3421,3.5718852909922134,"[4, 19, 9, 13, 6, 24, 10, 2, 14, 12, 22, 15, 29, 25, 16, 8, 7, 17, 23, 20, 21, 18, 3, 0, 26, 1, 5, 27, 28, 11]",True,200.0,0.2,1024
4,64,2929.170935028539,3421,3.5718852909922134,"[4, 19, 9, 13, 6, 24, 10, 2, 14, 12, 22, 15, 29, 25, 16, 8, 7, 17, 23, 20, 21, 18, 3, 0, 26, 1, 5, 27, 28, 11]",True,200.0,0.2,1024
5,256,2929.170935028539,3421,3.5718852909922134,"[4, 19, 9, 13, 6, 24, 10, 2, 14, 12, 22, 15, 29, 25, 16, 8, 7, 17, 23, 20, 21, 18, 3, 0, 26, 1, 5, 27, 28, 11]",True,200.0,0.2,1024
6,1024,2929.170935028539,3421,3.5718852909922134,"[4, 19, 9, 13, 6, 24, 10, 2, 14, 12, 22, 15, 29, 25, 16, 8, 7, 17, 23, 20, 21, 18, 3, 0, 26, 1, 5, 27, 28, 11]",True,200.0,0.2,1024
