,Iteration,Time,Fitness,FEvals,Population Size,Mutation Rate,max_iters
0,0,6.662498344667256e-05,3.0,0.0,200.0,0.3,1024
1,1,0.003355708991875872,8.0,2.0,200.0,0.3,1024
2,2,0.006668333982815966,9.0,4.0,200.0,0.3,1024
