,Iteration,Fitness,FEvals,Time,State,Population Size,Mutation Rate,max_iters
0,0,6720.094526337153,20,0.00048058401443995535,"[47, 7, 30, 13, 39, 48, 34, 29, 44, 31, 20, 42, 41, 33, 3, 12, 38, 14, 18, 36, 10, 0, 8, 9, 17, 1, 25, 16, 40, 2, 43, 21, 46, 28, 49, 37, 22, 35, 26, 11, 23, 4, 32, 15, 24, 45, 27, 6, 19, 5]",20.0,0.3,1024
1,1,6064.333318787859,42,0.0033088750205934048,"[28, 12, 34, 20, 21, 37, 11, 30, 42, 36, 48, 35, 25, 41, 33, 9, 26, 29, 3, 49, 0, 4, 19, 45, 27, 43, 18, 7, 8, 17, 15, 40, 24, 22, 32, 1, 2, 6, 14, 16, 31, 39, 46, 44, 13, 23, 47, 10, 38, 5]",20.0,0.3,1024
2,4,5797.737452762612,107,0.00931445902097039,"[28, 12, 34, 20, 21, 37, 11, 30, 42, 36, 48, 35, 25, 41, 33, 9, 26, 29, 3, 49, 0, 22, 46, 17, 24, 45, 7, 2, 44, 32, 4, 40, 14, 31, 39, 13, 16, 18, 23, 47, 1, 27, 10, 38, 8, 19, 15, 5, 43, 6]",20.0,0.3,1024
3,16,5131.580591383956,366,0.029384958994342014,"[28, 12, 34, 20, 21, 37, 3, 30, 42, 36, 48, 35, 11, 25, 41, 33, 9, 26, 5, 49, 0, 22, 46, 31, 4, 19, 45, 27, 43, 18, 29, 15, 7, 8, 39, 40, 24, 32, 14, 1, 2, 6, 16, 17, 44, 13, 23, 47, 38, 10]",20.0,0.3,1024
4,64,4112.209532974178,1387,0.10599524999270216,"[16, 12, 34, 20, 39, 18, 3, 30, 42, 21, 5, 48, 35, 11, 25, 41, 37, 33, 19, 26, 36, 49, 0, 22, 46, 27, 28, 4, 9, 45, 31, 43, 29, 15, 6, 7, 8, 40, 24, 32, 14, 1, 2, 17, 44, 13, 23, 47, 38, 10]",20.0,0.3,1024
5,256,3033.7791013092037,5451,0.4138949589978438,"[21, 12, 30, 20, 33, 37, 18, 34, 42, 3, 5, 48, 43, 11, 25, 45, 36, 31, 16, 35, 14, 49, 10, 26, 41, 39, 0, 22, 46, 27, 28, 23, 47, 9, 6, 29, 15, 4, 7, 8, 40, 24, 2, 17, 32, 1, 44, 13, 19, 38]",20.0,0.3,1024
6,1024,2247.8650212822727,14601,1.1362302089983132,"[21, 12, 30, 20, 41, 37, 48, 34, 42, 3, 5, 18, 49, 43, 25, 11, 45, 1, 35, 16, 14, 32, 31, 36, 10, 17, 26, 33, 39, 23, 27, 0, 46, 22, 28, 47, 6, 13, 29, 15, 19, 4, 7, 8, 24, 40, 9, 38, 2, 44]",20.0,0.3,1024
