,Iteration,Fitness,FEvals,Time,State,use_fast_mimic,Population Size,Keep Percent,max_iters
0,0,8664.617157128498,200,0.0053120840166229755,"[45, 32, 51, 14, 4, 22, 50, 42, 48, 17, 67, 64, 35, 19, 39, 15, 60, 13, 16, 36, 55, 53, 34, 33, 49, 9, 66, 52, 68, 46, 27, 65, 10, 25, 63, 0, 8, 37, 23, 30, 41, 44, 43, 6, 31, 3, 58, 24, 47, 21, 54, 20, 57, 62, 5, 61, 18, 29, 56, 28, 40, 1, 12, 11, 59, 26, 69, 2, 7, 38]",True,200.0,0.2,1024
1,1,7984.120270791191,402,1.8267071250011213,"[21, 40, 52, 45, 33, 58, 38, 35, 53, 68, 55, 23, 5, 12, 42, 22, 64, 24, 17, 6, 16, 30, 0, 29, 36, 4, 41, 3, 60, 47, 15, 63, 48, 2, 49, 1, 27, 19, 31, 9, 8, 10, 65, 51, 20, 54, 7, 57, 18, 34, 37, 11, 61, 14, 26, 50, 28, 44, 67, 39, 56, 43, 69, 59, 32, 25, 62, 66, 13, 46]",True,200.0,0.2,1024
2,4,7984.120270791191,1005,8.313422334002098,"[21, 40, 52, 45, 33, 58, 38, 35, 53, 68, 55, 23, 5, 12, 42, 22, 64, 24, 17, 6, 16, 30, 0, 29, 36, 4, 41, 3, 60, 47, 15, 63, 48, 2, 49, 1, 27, 19, 31, 9, 8, 10, 65, 51, 20, 54, 7, 57, 18, 34, 37, 11, 61, 14, 26, 50, 28, 44, 67, 39, 56, 43, 69, 59, 32, 25, 62, 66, 13, 46]",True,200.0,0.2,1024
3,16,7984.120270791191,2412,50.02899950000574,"[21, 40, 52, 45, 33, 58, 38, 35, 53, 68, 55, 23, 5, 12, 42, 22, 64, 24, 17, 6, 16, 30, 0, 29, 36, 4, 41, 3, 60, 47, 15, 63, 48, 2, 49, 1, 27, 19, 31, 9, 8, 10, 65, 51, 20, 54, 7, 57, 18, 34, 37, 11, 61, 14, 26, 50, 28, 44, 67, 39, 56, 43, 69, 59, 32, 25, 62, 66, 13, 46]",True,200.0,0.2,1024
4,64,7984.120270791191,2412,50.02899950000574,"[21, 40, 52, 45, 33, 58, 38, 35, 53, 68, 55, 23, 5, 12, 42, 22, 64, 24, 17, 6, 16, 30, 0, 29, 36, 4, 41, 3, 60, 47, 15, 63, 48, 2, 49, 1, 27, 19, 31, 9, 8, 10, 65, 51, 20, 54, 7, 57, 18, 34, 37, 11, 61, 14, 26, 50, 28, 44, 67, 39, 56, 43, 69, 59, 32, 25, 62, 66, 13, 46]",True,200.0,0.2,1024
5,256,7984.120270791191,2412,50.02899950000574,"[21, 40, 52, 45, 33, 58, 38, 35, 53, 68, 55, 23, 5, 12, 42, 22, 64, 24, 17, 6, 16, 30, 0, 29, 36, 4, 41, 3, 60, 47, 15, 63, 48, 2, 49, 1, 27, 19, 31, 9, 8, 10, 65, 51, 20, 54, 7, 57, 18, 34, 37, 11, 61, 14, 26, 50, 28, 44, 67, 39, 56, 43, 69, 59, 32, 25, 62, 66, 13, 46]",True,200.0,0.2,1024
6,1024,7984.120270791191,2412,50.02899950000574,"[21, 40, 52, 45, 33, 58, 38, 35, 53, 68, 55, 23, 5, 12, 42, 22, 64, 24, 17, 6, 16, 30, 0, 29, 36, 4, 41, 3, 60, 47, 15, 63, 48, 2, 49, 1, 27, 19, 31, 9, 8, 10, 65, 51, 20, 54, 7, 57, 18, 34, 37, 11, 61, 14, 26, 50, 28, 44, 67, 39, 56, 43, 69, 59, 32, 25, 62, 66, 13, 46]",True,200.0,0.2,1024
