,Iteration,Fitness,FEvals,Time,State,Population Size,Mutation Rate,max_iters
0,0,1653.6411903711698,20,0.0002657499862834811,"[5, 4, 7, 2, 9, 3, 6, 8, 0, 1]",20.0,0.3,1024
1,1,1018.1114265181636,42,0.0020329169929027557,"[0, 1, 9, 4, 7, 6, 8, 2, 3, 5]",20.0,0.3,1024
2,4,841.6814832351786,107,0.004814541985979304,"[5, 3, 0, 2, 8, 7, 4, 1, 6, 9]",20.0,0.3,1024
3,16,774.7396621993448,362,0.012960207997821271,"[5, 3, 0, 2, 8, 7, 4, 1, 9, 6]",20.0,0.3,1024
4,64,718.6772744381386,1371,0.04301841699634679,"[0, 3, 5, 2, 8, 7, 4, 1, 9, 6]",20.0,0.3,1024
5,256,718.6772744381386,2484,0.07638195797335356,"[0, 3, 5, 2, 8, 7, 4, 1, 9, 6]",20.0,0.3,1024
6,1024,718.6772744381386,2484,0.07638195797335356,"[0, 3, 5, 2, 8, 7, 4, 1, 9, 6]",20.0,0.3,1024
