,Iteration,Time,Fitness,FEvals,Population Size,Mutation Rate,max_iters
0,0,9.125002543441951e-05,13.0,0.0,200.0,0.3,1024
1,1,0.0034429590159561485,15.0,2.0,200.0,0.3,1024
2,2,0.006755375012289733,17.0,4.0,200.0,0.3,1024
3,3,0.009085584024433047,17.0,5.0,200.0,0.3,1024
4,4,0.01135129202157259,17.0,6.0,200.0,0.3,1024
5,5,0.014626542018959299,18.0,8.0,200.0,0.3,1024
6,6,0.016912417020648718,18.0,9.0,200.0,0.3,1024
7,7,0.019188334001228213,19.0,11.0,200.0,0.3,1024
