,Iteration,Fitness,FEvals,Time,State,use_fast_mimic,Population Size,Keep Percent,max_iters
0,0,13.0,0,6.729201413691044e-05,"[1, 0, 0, 0, 1, 1, 0, 1, 0, 1, 0, 0, 1, 0, 1, 0, 1, 1, 1, 0]",True,100.0,0.2,1024
1,1,16.0,2,0.0030176670115906745,"[0.0, 1.0, 0.0, 1.0, 0.0, 1.0, 1.0, 0.0, 1.0, 0.0, 1.0, 0.0, 0.0, 1.0, 0.0, 1.0, 0.0, 1.0, 1.0, 0.0]",True,100.0,0.2,1024
2,4,18.0,7,0.009181083994917572,"[0.0, 1.0, 0.0, 1.0, 0.0, 1.0, 0.0, 1.0, 0.0, 1.0, 0.0, 1.0, 0.0, 1.0, 0.0, 1.0, 0.0, 1.0, 1.0, 0.0]",True,100.0,0.2,1024
3,16,18.0,16,0.02831279201200232,"[0.0, 1.0, 0.0, 1.0, 0.0, 1.0, 0.0, 1.0, 0.0, 1.0, 0.0, 1.0, 0.0, 1.0, 0.0, 1.0, 0.0, 1.0, 1.0, 0.0]",True,100.0,0.2,1024
4,64,18.0,16,0.02831279201200232,"[0.0, 1.0, 0.0, 1.0, 0.0, 1.0, 0.0, 1.0, 0.0, 1.0, 0.0, 1.0, 0.0, 1.0, 0.0, 1.0, 0.0, 1.0, 1.0, 0.0]",True,100.0,0.2,1024
5,256,18.0,16,0.02831279201200232,"[0.0, 1.0, 0.0, 1.0, 0.0, 1.0, 0.0, 1.0, 0.0, 1.0, 0.0, 1.0, 0.0, 1.0, 0.0, 1.0, 0.0, 1.0, 1.0, 0.0]",True,100.0,0.2,1024
6,1024,18.0,16,0.02831279201200232,"[0.0, 1.0, 0.0, 1.0, 0.0, 1.0, 0.0, 1.0, 0.0, 1.0, 0.0, 1.0, 0.0, 1.0, 0.0, 1.0, 0.0, 1.0, 1.0, 0.0]",True,100.0,0.2,1024
