,Iteration,Fitness,FEvals,Time,State,use_fast_mimic,Population Size,Keep Percent,max_iters
0,0,5670.7718185867,200,0.0038456250040326267,"[14, 35, 37, 28, 31, 12, 33, 18, 30, 36, 38, 20, 7, 10, 0, 8, 9, 1, 16, 2, 34, 21, 39, 25, 22, 3, 26, 17, 29, 11, 23, 13, 4, 32, 15, 24, 27, 6, 19, 5]",True,200.0,0.2,1024
1,1,4164.038389951754,402,0.2894095830270089,"[19, 14, 27, 35, 16, 5, 0, 23, 36, 10, 8, 7, 31, 13, 22, 3, 18, 24, 15, 34, 28, 12, 29, 9, 17, 38, 1, 4, 25, 2, 32, 33, 39, 20, 26, 6, 11, 21, 30, 37]",True,200.0,0.2,1024
2,4,4164.038389951754,1005,1.4537769160233438,"[19, 14, 27, 35, 16, 5, 0, 23, 36, 10, 8, 7, 31, 13, 22, 3, 18, 24, 15, 34, 28, 12, 29, 9, 17, 38, 1, 4, 25, 2, 32, 33, 39, 20, 26, 6, 11, 21, 30, 37]",True,200.0,0.2,1024
3,16,4164.038389951754,2412,6.511724041018169,"[19, 14, 27, 35, 16, 5, 0, 23, 36, 10, 8, 7, 31, 13, 22, 3, 18, 24, 15, 34, 28, 12, 29, 9, 17, 38, 1, 4, 25, 2, 32, 33, 39, 20, 26, 6, 11, 21, 30, 37]",True,200.0,0.2,1024
4,64,4164.038389951754,2412,6.511724041018169,"[19, 14, 27, 35, 16, 5, 0, 23, 36, 10, 8, 7, 31, 13, 22, 3, 18, 24, 15, 34, 28, 12, 29, 9, 17, 38, 1, 4, 25, 2, 32, 33, 39, 20, 26, 6, 11, 21, 30, 37]",True,200.0,0.2,1024
5,256,4164.038389951754,2412,6.511724041018169,"[19, 14, 27, 35, 16, 5, 0, 23, 36, 10, 8, 7, 31, 13, 22, 3, 18, 24, 15, 34, 28, 12, 29, 9, 17, 38, 1, 4, 25, 2, 32, 33, 39, 20, 26, 6, 11, 21, 30, 37]",True,200.0,0.2,1024
6,1024,4164.038389951754,2412,6.511724041018169,"[19, 14, 27, 35, 16, 5, 0, 23, 36, 10, 8, 7, 31, 13, 22, 3, 18, 24, 15, 34, 28, 12, 29, 9, 17, 38, 1, 4, 25, 2, 32, 33, 39, 20, 26, 6, 11, 21, 30, 37]",True,200.0,0.2,1024
