,Iteration,Fitness,FEvals,Time,State,Population Size,Mutation Rate,max_iters
0,0,6978.984292790162,20,0.0005073749925941229,"[40, 9, 31, 19, 24, 35, 20, 29, 4, 34, 49, 48, 28, 10, 5, 37, 45, 47, 17, 27, 42, 1, 23, 15, 6, 8, 13, 33, 36, 12, 43, 16, 2, 25, 41, 30, 44, 21, 22, 7, 26, 11, 32, 3, 18, 38, 0, 14, 39, 46]",20.0,0.3,1024
1,1,5987.833125180931,42,0.0033352079917676747,"[45, 34, 47, 24, 27, 38, 36, 26, 16, 25, 1, 5, 46, 19, 17, 18, 23, 39, 4, 6, 15, 0, 41, 37, 12, 49, 8, 48, 43, 3, 31, 35, 42, 14, 21, 11, 13, 44, 40, 7, 32, 30, 22, 20, 10, 9, 2, 33, 28, 29]",20.0,0.3,1024
2,4,5987.833125180931,105,0.009144249983364716,"[45, 34, 47, 24, 27, 38, 36, 26, 16, 25, 1, 5, 46, 19, 17, 18, 23, 39, 4, 6, 15, 0, 41, 37, 12, 49, 8, 48, 43, 3, 31, 35, 42, 14, 21, 11, 13, 44, 40, 7, 32, 30, 22, 20, 10, 9, 2, 33, 28, 29]",20.0,0.3,1024
3,16,5335.480205310605,361,0.029610541998408735,"[18, 34, 47, 24, 27, 38, 36, 26, 16, 45, 25, 1, 5, 46, 19, 40, 4, 7, 15, 10, 42, 48, 49, 14, 29, 30, 32, 20, 21, 12, 17, 13, 31, 35, 43, 3, 23, 28, 39, 6, 0, 41, 37, 8, 11, 44, 9, 2, 33, 22]",20.0,0.3,1024
4,64,4450.4414210820305,1385,0.10799487499753013,"[0, 34, 20, 26, 47, 8, 45, 36, 31, 16, 25, 1, 5, 46, 27, 39, 19, 40, 4, 7, 24, 15, 10, 42, 48, 18, 49, 14, 32, 6, 30, 21, 12, 17, 13, 38, 35, 43, 3, 23, 28, 29, 41, 37, 11, 44, 9, 2, 33, 22]",20.0,0.3,1024
5,256,3027.866119260768,5453,0.4146849169919733,"[0, 28, 41, 26, 13, 6, 47, 44, 34, 10, 36, 31, 16, 1, 25, 45, 3, 5, 22, 46, 27, 39, 23, 40, 4, 7, 8, 24, 9, 19, 20, 48, 43, 49, 17, 14, 35, 32, 21, 30, 42, 12, 18, 37, 15, 29, 11, 2, 38, 33]",20.0,0.3,1024
6,1024,2263.939476737473,21627,1.6967749999894295,"[28, 46, 0, 15, 37, 33, 13, 6, 44, 26, 17, 10, 14, 16, 35, 1, 25, 11, 45, 49, 42, 3, 5, 20, 22, 27, 23, 39, 47, 9, 40, 7, 8, 24, 38, 19, 48, 21, 43, 36, 32, 31, 34, 30, 12, 18, 41, 29, 4, 2]",20.0,0.3,1024
