,Iteration,Fitness,FEvals,Time,State,Population Size,Mutation Rate,max_iters
0,0,3.0,50,0.0004783750046044588,"[1, 0, 0, 0, 1, 1, 0, 1, 0, 1, 0, 0, 1, 0, 1, 0, 1, 1, 1, 0, 1, 0, 0, 1, 1, 0, 0, 1, 1, 1]",50.0,0.3,1024
1,1,42.0,102,0.0025855829881038517,"[0, 1, 1, 1, 1, 1, 1, 1, 1, 1, 1, 1, 1, 0, 1, 0, 1, 1, 1, 0, 0, 0, 0, 0, 1, 1, 0, 1, 0, 1]",50.0,0.3,1024
2,4,42.0,255,0.0066550000046845526,"[0, 1, 1, 1, 1, 1, 1, 1, 1, 1, 1, 1, 1, 0, 1, 0, 1, 1, 1, 0, 0, 0, 0, 0, 1, 1, 0, 1, 0, 1]",50.0,0.3,1024
3,16,48.0,871,0.01887829098268412,"[1, 0, 0, 1, 1, 1, 1, 1, 1, 1, 1, 1, 1, 1, 1, 1, 1, 1, 1, 1, 1, 0, 0, 0, 0, 0, 1, 1, 0, 0]",50.0,0.3,1024
4,64,50.0,1842,0.03743520798161626,"[1, 0, 0, 1, 1, 1, 1, 1, 1, 1, 1, 1, 1, 1, 1, 1, 1, 1, 1, 1, 1, 1, 1, 0, 0, 0, 0, 0, 0, 0]",50.0,0.3,1024
5,256,50.0,1842,0.03743520798161626,"[1, 0, 0, 1, 1, 1, 1, 1, 1, 1, 1, 1, 1, 1, 1, 1, 1, 1, 1, 1, 1, 1, 1, 0, 0, 0, 0, 0, 0, 0]",50.0,0.3,1024
6,1024,50.0,1842,0.03743520798161626,"[1, 0, 0, 1, 1, 1, 1, 1, 1, 1, 1, 1, 1, 1, 1, 1, 1, 1, 1, 1, 1, 1, 1, 0, 0, 0, 0, 0, 0, 0]",50.0,0.3,1024
