,Iteration,Fitness,FEvals,Time,State,Population Size,Mutation Rate,max_iters
0,0,1002.2105229646651,20,0.0002425829879939556,"[2, 9, 4, 8, 7, 1, 6, 3, 0, 5]",20.0,0.3,1024
1,1,1002.2105229646651,41,0.0019871249969583005,"[2, 9, 4, 8, 7, 1, 6, 3, 0, 5]",20.0,0.3,1024
2,4,1002.2105229646651,104,0.004845040995860472,"[2, 9, 4, 8, 7, 1, 6, 3, 0, 5]",20.0,0.3,1024
3,16,943.422073819966,360,0.013072332978481427,"[0, 6, 1, 8, 7, 9, 4, 2, 5, 3]",20.0,0.3,1024
4,64,800.4547486214722,1373,0.04318774997955188,"[0, 6, 9, 1, 7, 4, 8, 2, 5, 3]",20.0,0.3,1024
5,256,718.6772744381386,3810,0.11688870799844153,"[0, 6, 9, 1, 4, 7, 8, 2, 5, 3]",20.0,0.3,1024
6,1024,718.6772744381386,3810,0.11688870799844153,"[0, 6, 9, 1, 4, 7, 8, 2, 5, 3]",20.0,0.3,1024
