,Iteration,Fitness,FEvals,Time,State,use_fast_mimic,Population Size,Keep Percent,max_iters
0,0,1002.2105229646651,200,0.0021551669924519956,"[2, 9, 4, 8, 7, 1, 6, 3, 0, 5]",True,200.0,0.2,1024
1,1,800.4547486214723,402,0.0328134999726899,"[5, 3, 0, 6, 9, 1, 7, 4, 8, 2]",True,200.0,0.2,1024
2,4,800.4547486214723,1005,0.12042520797695033,"[5, 3, 0, 6, 9, 1, 7, 4, 8, 2]",True,200.0,0.2,1024
3,16,800.4547486214723,2412,0.36339491698890924,"[5, 3, 0, 6, 9, 1, 7, 4, 8, 2]",True,200.0,0.2,1024
4,64,800.4547486214723,2412,0.36339491698890924,"[5, 3, 0, 6, 9, 1, 7, 4, 8, 2]",True,200.0,0.2,1024
5,256,800.4547486214723,2412,0.36339491698890924,"[5, 3, 0, 6, 9, 1, 7, 4, 8, 2]",True,200.0,0.2,1024
6,1024,800.4547486214723,2412,0.36339491698890924,"[5, 3, 0, 6, 9, 1, 7, 4, 8, 2]",True,200.0,0.2,1024
