,Iteration,Fitness,FEvals,Time,State,Restarts,max_iters,current_restart
0,0,9.0,0,2.5042012566700578e-05,"[0, 1, 0, 1, 0, 1, 0, 1, 0, 1]",1,1024,0
1,1,9.0,1,0.0009439169953111559,"[0, 1, 0, 1, 0, 1, 0, 1, 0, 1]",1,1024,0
2,4,9.0,1,0.0009439169953111559,"[0, 1, 0, 1, 0, 1, 0, 1, 0, 1]",1,1024,0
3,16,9.0,1,0.0009439169953111559,"[0, 1, 0, 1, 0, 1, 0, 1, 0, 1]",1,1024,0
4,64,9.0,1,0.0009439169953111559,"[0, 1, 0, 1, 0, 1, 0, 1, 0, 1]",1,1024,0
5,256,9.0,1,0.0009439169953111559,"[0, 1, 0, 1, 0, 1, 0, 1, 0, 1]",1,1024,0
6,1024,9.0,1,0.0009439169953111559,"[0, 1, 0, 1, 0, 1, 0, 1, 0, 1]",1,1024,0
