,Iteration,Fitness,FEvals,Time,State,Population Size,Mutation Rate,max_iters
0,0,7930.287244849412,20,0.0005688339879270643,"[25, 27, 33, 22, 9, 4, 30, 39, 55, 48, 47, 54, 53, 35, 15, 10, 52, 19, 16, 42, 46, 0, 8, 31, 34, 14, 23, 50, 17, 6, 3, 56, 24, 21, 51, 20, 41, 49, 5, 44, 18, 29, 28, 40, 1, 12, 11, 26, 13, 45, 36, 57, 59, 2, 7, 32, 43, 38, 37, 58]",20.0,0.3,1024
1,1,7132.7620672119765,42,0.0036496249958872795,"[58, 17, 36, 13, 43, 2, 52, 16, 41, 48, 23, 27, 31, 20, 38, 45, 33, 51, 24, 8, 15, 1, 29, 28, 4, 35, 12, 25, 18, 57, 56, 44, 30, 37, 9, 59, 26, 40, 6, 11, 22, 3, 5, 42, 19, 32, 7, 46, 0, 55, 10, 54, 53, 34, 50, 49, 47, 21, 14, 39]",20.0,0.3,1024
2,4,7063.020599648029,106,0.010360874992329627,"[58, 17, 36, 13, 43, 2, 52, 16, 41, 48, 23, 27, 31, 20, 38, 19, 33, 51, 24, 8, 15, 1, 29, 28, 4, 35, 12, 25, 18, 57, 56, 44, 30, 37, 9, 59, 26, 40, 6, 11, 22, 3, 5, 42, 45, 32, 7, 46, 0, 55, 10, 54, 53, 34, 50, 49, 47, 21, 14, 39]",20.0,0.3,1024
3,16,6139.977828842351,363,0.0338712919910904,"[58, 17, 36, 13, 43, 2, 52, 16, 41, 48, 23, 27, 12, 20, 38, 19, 33, 10, 24, 8, 15, 1, 29, 28, 4, 35, 31, 25, 18, 57, 56, 44, 30, 37, 9, 59, 26, 40, 6, 32, 22, 3, 5, 42, 45, 11, 7, 46, 0, 55, 51, 54, 53, 34, 49, 39, 47, 21, 50, 14]",20.0,0.3,1024
4,64,4842.905201932071,1387,0.1225493339879904,"[58, 17, 18, 37, 13, 36, 43, 54, 2, 52, 16, 9, 48, 42, 41, 23, 27, 12, 40, 38, 19, 31, 15, 33, 51, 24, 8, 1, 45, 29, 28, 10, 4, 35, 7, 25, 57, 56, 44, 30, 59, 26, 20, 55, 6, 49, 32, 11, 5, 3, 22, 46, 0, 53, 34, 39, 47, 21, 50, 14]",20.0,0.3,1024
5,256,3551.4378898489113,5460,0.4769190419756342,"[43, 48, 18, 37, 13, 50, 17, 36, 10, 54, 2, 52, 16, 28, 42, 41, 23, 27, 5, 3, 53, 58, 19, 40, 38, 31, 33, 20, 22, 55, 15, 12, 51, 24, 8, 1, 45, 14, 44, 9, 11, 25, 4, 59, 7, 35, 57, 56, 29, 30, 34, 26, 6, 49, 32, 46, 0, 39, 47, 21]",20.0,0.3,1024
6,1024,2534.99167481646,21635,1.9383532089996152,"[0, 12, 18, 29, 37, 13, 50, 17, 36, 10, 43, 52, 54, 40, 16, 19, 41, 30, 42, 28, 3, 53, 27, 5, 23, 48, 34, 44, 56, 31, 38, 6, 26, 33, 20, 22, 55, 46, 51, 39, 15, 49, 32, 2, 24, 4, 7, 35, 45, 14, 9, 57, 58, 1, 11, 8, 25, 59, 47, 21]",20.0,0.3,1024
