,Iteration,Fitness,FEvals,Time,State,use_fast_mimic,Population Size,Keep Percent,max_iters
0,0,7930.287244849412,200,0.005178040999453515,"[25, 27, 33, 22, 9, 4, 30, 39, 55, 48, 47, 54, 53, 35, 15, 10, 52, 19, 16, 42, 46, 0, 8, 31, 34, 14, 23, 50, 17, 6, 3, 56, 24, 21, 51, 20, 41, 49, 5, 44, 18, 29, 28, 40, 1, 12, 11, 26, 13, 45, 36, 57, 59, 2, 7, 32, 43, 38, 37, 58]",True,200.0,0.2,1024
1,1,6870.651649114512,402,0.9542037080100272,"[21, 33, 26, 34, 49, 36, 24, 22, 6, 20, 51, 48, 41, 29, 19, 10, 47, 11, 43, 38, 46, 59, 8, 1, 52, 4, 45, 25, 32, 31, 53, 30, 2, 27, 28, 0, 57, 42, 3, 9, 18, 35, 15, 17, 55, 12, 13, 50, 54, 7, 58, 44, 37, 23, 14, 56, 5, 39, 16, 40]",True,200.0,0.2,1024
2,4,6870.651649114512,1005,6.527658666018397,"[21, 33, 26, 34, 49, 36, 24, 22, 6, 20, 51, 48, 41, 29, 19, 10, 47, 11, 43, 38, 46, 59, 8, 1, 52, 4, 45, 25, 32, 31, 53, 30, 2, 27, 28, 0, 57, 42, 3, 9, 18, 35, 15, 17, 55, 12, 13, 50, 54, 7, 58, 44, 37, 23, 14, 56, 5, 39, 16, 40]",True,200.0,0.2,1024
3,16,6870.651649114512,2412,28.736002707999432,"[21, 33, 26, 34, 49, 36, 24, 22, 6, 20, 51, 48, 41, 29, 19, 10, 47, 11, 43, 38, 46, 59, 8, 1, 52, 4, 45, 25, 32, 31, 53, 30, 2, 27, 28, 0, 57, 42, 3, 9, 18, 35, 15, 17, 55, 12, 13, 50, 54, 7, 58, 44, 37, 23, 14, 56, 5, 39, 16, 40]",True,200.0,0.2,1024
4,64,6870.651649114512,2412,28.736002707999432,"[21, 33, 26, 34, 49, 36, 24, 22, 6, 20, 51, 48, 41, 29, 19, 10, 47, 11, 43, 38, 46, 59, 8, 1, 52, 4, 45, 25, 32, 31, 53, 30, 2, 27, 28, 0, 57, 42, 3, 9, 18, 35, 15, 17, 55, 12, 13, 50, 54, 7, 58, 44, 37, 23, 14, 56, 5, 39, 16, 40]",True,200.0,0.2,1024
5,256,6870.651649114512,2412,28.736002707999432,"[21, 33, 26, 34, 49, 36, 24, 22, 6, 20, 51, 48, 41, 29, 19, 10, 47, 11, 43, 38, 46, 59, 8, 1, 52, 4, 45, 25, 32, 31, 53, 30, 2, 27, 28, 0, 57, 42, 3, 9, 18, 35, 15, 17, 55, 12, 13, 50, 54, 7, 58, 44, 37, 23, 14, 56, 5, 39, 16, 40]",True,200.0,0.2,1024
6,1024,6870.651649114512,2412,28.736002707999432,"[21, 33, 26, 34, 49, 36, 24, 22, 6, 20, 51, 48, 41, 29, 19, 10, 47, 11, 43, 38, 46, 59, 8, 1, 52, 4, 45, 25, 32, 31, 53, 30, 2, 27, 28, 0, 57, 42, 3, 9, 18, 35, 15, 17, 55, 12, 13, 50, 54, 7, 58, 44, 37, 23, 14, 56, 5, 39, 16, 40]",True,200.0,0.2,1024
