,Iteration,Fitness,FEvals,Time,State,Population Size,Mutation Rate,max_iters
0,0,8006.649036732403,20,0.0006274579791352153,"[34, 12, 33, 30, 58, 41, 56, 7, 13, 39, 47, 20, 38, 53, 16, 44, 37, 36, 31, 48, 3, 40, 50, 14, 18, 29, 46, 10, 0, 8, 9, 17, 1, 25, 2, 52, 21, 55, 28, 59, 42, 22, 35, 26, 11, 43, 23, 49, 4, 54, 32, 57, 15, 24, 45, 27, 6, 51, 19, 5]",20.0,0.3,1024
1,1,7392.01492686811,42,0.004662832972826436,"[19, 52, 12, 38, 28, 14, 18, 37, 48, 54, 8, 3, 13, 0, 17, 56, 9, 45, 11, 33, 47, 16, 50, 36, 7, 15, 6, 22, 2, 29, 1, 41, 34, 27, 53, 57, 49, 21, 39, 4, 58, 43, 44, 35, 31, 32, 42, 23, 30, 55, 20, 51, 59, 5, 10, 26, 25, 24, 46, 40]",20.0,0.3,1024
2,4,7137.675759926726,108,0.01198041599127464,"[19, 52, 12, 38, 28, 14, 18, 37, 48, 54, 8, 3, 13, 0, 17, 56, 9, 45, 11, 33, 47, 16, 50, 36, 7, 15, 44, 21, 42, 10, 30, 29, 46, 32, 6, 24, 51, 55, 40, 53, 27, 23, 39, 22, 5, 34, 26, 59, 58, 35, 20, 57, 41, 25, 1, 43, 31, 4, 2, 49]",20.0,0.3,1024
3,16,6632.94071292495,368,0.0366137079836335,"[11, 19, 52, 43, 38, 28, 14, 18, 37, 48, 54, 8, 3, 13, 0, 17, 56, 9, 45, 33, 47, 16, 50, 36, 7, 15, 12, 42, 44, 21, 10, 30, 29, 46, 41, 32, 6, 24, 51, 55, 40, 53, 27, 23, 39, 22, 5, 34, 26, 59, 58, 35, 20, 49, 2, 1, 4, 57, 31, 25]",20.0,0.3,1024
4,64,5210.1749421451395,1397,0.14785649999976158,"[11, 19, 52, 43, 53, 28, 44, 14, 18, 37, 48, 38, 54, 8, 29, 13, 42, 0, 17, 56, 9, 57, 26, 33, 47, 16, 50, 45, 58, 36, 15, 12, 24, 10, 30, 3, 46, 41, 32, 6, 21, 51, 55, 20, 27, 23, 39, 22, 5, 34, 59, 7, 1, 49, 2, 4, 35, 31, 40, 25]",20.0,0.3,1024
5,256,3382.6997850426756,5469,0.5053133329784032,"[11, 54, 52, 43, 53, 28, 29, 37, 18, 23, 48, 16, 1, 59, 35, 58, 14, 45, 44, 13, 41, 42, 30, 17, 56, 9, 57, 38, 33, 47, 40, 31, 19, 50, 36, 10, 15, 0, 51, 12, 34, 24, 32, 2, 6, 21, 55, 22, 20, 3, 27, 5, 46, 39, 26, 49, 8, 7, 4, 25]",20.0,0.3,1024
6,1024,2584.9837951291966,21648,2.03024933298002,"[11, 59, 38, 54, 52, 12, 5, 27, 3, 53, 28, 41, 30, 42, 23, 18, 10, 40, 16, 1, 7, 35, 58, 57, 56, 44, 13, 37, 29, 50, 9, 14, 45, 31, 33, 26, 43, 36, 19, 17, 34, 48, 15, 39, 51, 6, 2, 24, 32, 49, 47, 21, 20, 22, 55, 46, 0, 4, 8, 25]",20.0,0.3,1024
