,Iteration,Fitness,FEvals,Time,State,use_fast_mimic,Population Size,Keep Percent,max_iters
0,0,8006.649036732403,200,0.004729540989501402,"[34, 12, 33, 30, 58, 41, 56, 7, 13, 39, 47, 20, 38, 53, 16, 44, 37, 36, 31, 48, 3, 40, 50, 14, 18, 29, 46, 10, 0, 8, 9, 17, 1, 25, 2, 52, 21, 55, 28, 59, 42, 22, 35, 26, 11, 43, 23, 49, 4, 54, 32, 57, 15, 24, 45, 27, 6, 51, 19, 5]",True,200.0,0.2,1024
1,1,7146.379818512853,402,0.9655157910019625,"[43, 12, 10, 4, 3, 18, 37, 40, 51, 46, 29, 41, 30, 35, 1, 59, 25, 38, 31, 50, 8, 45, 14, 9, 32, 7, 52, 48, 23, 53, 54, 58, 44, 22, 49, 6, 27, 19, 15, 16, 20, 42, 5, 13, 57, 21, 34, 39, 24, 56, 47, 11, 33, 28, 55, 26, 2, 36, 0, 17]",True,200.0,0.2,1024
2,4,7146.379818512853,1005,4.8321408329939,"[43, 12, 10, 4, 3, 18, 37, 40, 51, 46, 29, 41, 30, 35, 1, 59, 25, 38, 31, 50, 8, 45, 14, 9, 32, 7, 52, 48, 23, 53, 54, 58, 44, 22, 49, 6, 27, 19, 15, 16, 20, 42, 5, 13, 57, 21, 34, 39, 24, 56, 47, 11, 33, 28, 55, 26, 2, 36, 0, 17]",True,200.0,0.2,1024
3,16,7146.379818512853,2412,24.97693624999374,"[43, 12, 10, 4, 3, 18, 37, 40, 51, 46, 29, 41, 30, 35, 1, 59, 25, 38, 31, 50, 8, 45, 14, 9, 32, 7, 52, 48, 23, 53, 54, 58, 44, 22, 49, 6, 27, 19, 15, 16, 20, 42, 5, 13, 57, 21, 34, 39, 24, 56, 47, 11, 33, 28, 55, 26, 2, 36, 0, 17]",True,200.0,0.2,1024
4,64,7146.379818512853,2412,24.97693624999374,"[43, 12, 10, 4, 3, 18, 37, 40, 51, 46, 29, 41, 30, 35, 1, 59, 25, 38, 31, 50, 8, 45, 14, 9, 32, 7, 52, 48, 23, 53, 54, 58, 44, 22, 49, 6, 27, 19, 15, 16, 20, 42, 5, 13, 57, 21, 34, 39, 24, 56, 47, 11, 33, 28, 55, 26, 2, 36, 0, 17]",True,200.0,0.2,1024
5,256,7146.379818512853,2412,24.97693624999374,"[43, 12, 10, 4, 3, 18, 37, 40, 51, 46, 29, 41, 30, 35, 1, 59, 25, 38, 31, 50, 8, 45, 14, 9, 32, 7, 52, 48, 23, 53, 54, 58, 44, 22, 49, 6, 27, 19, 15, 16, 20, 42, 5, 13, 57, 21, 34, 39, 24, 56, 47, 11, 33, 28, 55, 26, 2, 36, 0, 17]",True,200.0,0.2,1024
6,1024,7146.379818512853,2412,24.97693624999374,"[43, 12, 10, 4, 3, 18, 37, 40, 51, 46, 29, 41, 30, 35, 1, 59, 25, 38, 31, 50, 8, 45, 14, 9, 32, 7, 52, 48, 23, 53, 54, 58, 44, 22, 49, 6, 27, 19, 15, 16, 20, 42, 5, 13, 57, 21, 34, 39, 24, 56, 47, 11, 33, 28, 55, 26, 2, 36, 0, 17]",True,200.0,0.2,1024
