,Iteration,Fitness,FEvals,Time,State,Population Size,Mutation Rate,max_iters
0,0,6470.1721152825785,20,0.0004942079831380397,"[5, 26, 16, 47, 20, 3, 49, 31, 34, 1, 38, 2, 14, 24, 6, 11, 40, 33, 35, 7, 30, 42, 32, 21, 28, 9, 29, 23, 12, 36, 48, 10, 25, 41, 44, 18, 39, 22, 4, 15, 19, 8, 27, 17, 43, 0, 13, 45, 37, 46]",20.0,0.3,1024
1,1,5829.798237377732,42,0.003348583006300032,"[13, 28, 30, 45, 4, 22, 46, 6, 41, 24, 26, 11, 47, 38, 2, 32, 49, 37, 34, 36, 14, 44, 9, 10, 21, 33, 48, 25, 7, 0, 40, 39, 29, 23, 27, 15, 1, 20, 31, 17, 35, 5, 3, 42, 18, 16, 12, 43, 19, 8]",20.0,0.3,1024
2,4,5593.503590438649,106,0.009207374998368323,"[17, 18, 11, 8, 47, 20, 28, 49, 14, 21, 12, 0, 33, 29, 36, 46, 13, 25, 7, 39, 2, 41, 3, 43, 48, 23, 9, 26, 6, 4, 31, 44, 35, 1, 45, 34, 30, 37, 19, 27, 22, 15, 24, 38, 40, 16, 10, 42, 5, 32]",20.0,0.3,1024
3,16,5448.447622572002,362,0.029490374989109114,"[17, 21, 11, 8, 7, 20, 28, 49, 14, 18, 12, 0, 33, 29, 36, 46, 13, 25, 47, 39, 2, 41, 3, 43, 48, 23, 9, 26, 6, 4, 31, 44, 35, 1, 45, 34, 30, 37, 19, 27, 22, 15, 24, 38, 40, 16, 32, 10, 5, 42]",20.0,0.3,1024
4,64,4651.441868952401,1388,0.10692154098069295,"[17, 18, 11, 41, 46, 20, 28, 0, 14, 21, 12, 49, 33, 26, 29, 6, 47, 13, 10, 25, 7, 8, 38, 9, 2, 3, 43, 48, 23, 39, 4, 40, 44, 16, 35, 1, 45, 34, 30, 42, 37, 19, 27, 22, 15, 24, 31, 36, 32, 5]",20.0,0.3,1024
5,256,2941.417201917244,5459,0.4173917500011157,"[14, 17, 43, 10, 46, 22, 27, 28, 0, 20, 3, 5, 21, 18, 12, 34, 41, 15, 33, 47, 13, 6, 29, 26, 24, 8, 38, 9, 40, 19, 7, 37, 23, 39, 4, 2, 44, 16, 35, 11, 25, 49, 42, 30, 48, 1, 45, 36, 31, 32]",20.0,0.3,1024
6,1024,2090.1824073602306,21636,1.6984968750039116,"[16, 14, 36, 43, 49, 17, 46, 22, 27, 28, 0, 20, 5, 3, 42, 12, 30, 48, 41, 26, 33, 6, 13, 15, 29, 37, 44, 2, 7, 4, 8, 24, 40, 9, 38, 19, 47, 23, 39, 35, 1, 25, 11, 45, 10, 21, 18, 34, 31, 32]",20.0,0.3,1024
