,Iteration,Fitness,FEvals,Time,State,use_fast_mimic,Population Size,Keep Percent,max_iters
0,0,6470.1721152825785,200,0.004268874996341765,"[5, 26, 16, 47, 20, 3, 49, 31, 34, 1, 38, 2, 14, 24, 6, 11, 40, 33, 35, 7, 30, 42, 32, 21, 28, 9, 29, 23, 12, 36, 48, 10, 25, 41, 44, 18, 39, 22, 4, 15, 19, 8, 27, 17, 43, 0, 13, 45, 37, 46]",True,200.0,0.2,1024
1,1,5576.132619288946,402,0.5416019580152351,"[13, 41, 23, 46, 4, 40, 47, 38, 11, 24, 29, 37, 20, 5, 12, 30, 32, 45, 19, 6, 42, 18, 8, 22, 28, 39, 48, 9, 27, 25, 34, 3, 2, 7, 16, 14, 43, 17, 1, 33, 0, 49, 36, 10, 35, 44, 31, 26, 15, 21]",True,200.0,0.2,1024
2,4,5214.398114951889,1008,2.1338979580032174,"[13, 41, 11, 48, 4, 40, 47, 0, 6, 33, 29, 49, 20, 5, 12, 30, 32, 45, 19, 27, 46, 14, 37, 22, 28, 39, 23, 9, 8, 25, 34, 43, 2, 7, 16, 42, 3, 17, 1, 24, 44, 18, 36, 38, 35, 10, 31, 26, 15, 21]",True,200.0,0.2,1024
3,16,4573.153273557253,3425,9.495704833010677,"[13, 41, 0, 48, 4, 40, 47, 38, 6, 33, 29, 49, 20, 5, 12, 30, 32, 45, 19, 27, 46, 14, 37, 22, 28, 39, 23, 9, 8, 25, 34, 43, 2, 7, 16, 42, 3, 17, 1, 11, 44, 18, 21, 31, 35, 10, 36, 26, 15, 24]",True,200.0,0.2,1024
4,64,4573.153273557253,4631,19.033748666988686,"[13, 41, 0, 48, 4, 40, 47, 38, 6, 33, 29, 49, 20, 5, 12, 30, 32, 45, 19, 27, 46, 14, 37, 22, 28, 39, 23, 9, 8, 25, 34, 43, 2, 7, 16, 42, 3, 17, 1, 11, 44, 18, 21, 31, 35, 10, 36, 26, 15, 24]",True,200.0,0.2,1024
5,256,4573.153273557253,4631,19.033748666988686,"[13, 41, 0, 48, 4, 40, 47, 38, 6, 33, 29, 49, 20, 5, 12, 30, 32, 45, 19, 27, 46, 14, 37, 22, 28, 39, 23, 9, 8, 25, 34, 43, 2, 7, 16, 42, 3, 17, 1, 11, 44, 18, 21, 31, 35, 10, 36, 26, 15, 24]",True,200.0,0.2,1024
6,1024,4573.153273557253,4631,19.033748666988686,"[13, 41, 0, 48, 4, 40, 47, 38, 6, 33, 29, 49, 20, 5, 12, 30, 32, 45, 19, 27, 46, 14, 37, 22, 28, 39, 23, 9, 8, 25, 34, 43, 2, 7, 16, 42, 3, 17, 1, 11, 44, 18, 21, 31, 35, 10, 36, 26, 15, 24]",True,200.0,0.2,1024
