,Iteration,Fitness,FEvals,Time,State,use_fast_mimic,Population Size,Keep Percent,max_iters
0,0,5881.078786949496,200,0.0038053750176914036,"[4, 20, 37, 15, 10, 5, 9, 31, 23, 38, 28, 17, 30, 34, 1, 6, 8, 13, 27, 12, 24, 16, 2, 19, 35, 25, 33, 36, 29, 21, 22, 7, 26, 11, 32, 3, 18, 0, 14, 39]",True,200.0,0.2,1024
1,1,4386.3369512595,402,0.3121069580083713,"[26, 19, 15, 13, 30, 23, 39, 21, 10, 34, 16, 14, 11, 17, 18, 29, 9, 28, 6, 5, 0, 12, 35, 2, 37, 4, 8, 7, 33, 27, 36, 25, 1, 24, 20, 3, 32, 38, 31, 22]",True,200.0,0.2,1024
2,4,4386.3369512595,1005,1.2526286250213161,"[26, 19, 15, 13, 30, 23, 39, 21, 10, 34, 16, 14, 11, 17, 18, 29, 9, 28, 6, 5, 0, 12, 35, 2, 37, 4, 8, 7, 33, 27, 36, 25, 1, 24, 20, 3, 32, 38, 31, 22]",True,200.0,0.2,1024
3,16,4386.3369512595,2412,6.02785149999545,"[26, 19, 15, 13, 30, 23, 39, 21, 10, 34, 16, 14, 11, 17, 18, 29, 9, 28, 6, 5, 0, 12, 35, 2, 37, 4, 8, 7, 33, 27, 36, 25, 1, 24, 20, 3, 32, 38, 31, 22]",True,200.0,0.2,1024
4,64,4386.3369512595,2412,6.02785149999545,"[26, 19, 15, 13, 30, 23, 39, 21, 10, 34, 16, 14, 11, 17, 18, 29, 9, 28, 6, 5, 0, 12, 35, 2, 37, 4, 8, 7, 33, 27, 36, 25, 1, 24, 20, 3, 32, 38, 31, 22]",True,200.0,0.2,1024
5,256,4386.3369512595,2412,6.02785149999545,"[26, 19, 15, 13, 30, 23, 39, 21, 10, 34, 16, 14, 11, 17, 18, 29, 9, 28, 6, 5, 0, 12, 35, 2, 37, 4, 8, 7, 33, 27, 36, 25, 1, 24, 20, 3, 32, 38, 31, 22]",True,200.0,0.2,1024
6,1024,4386.3369512595,2412,6.02785149999545,"[26, 19, 15, 13, 30, 23, 39, 21, 10, 34, 16, 14, 11, 17, 18, 29, 9, 28, 6, 5, 0, 12, 35, 2, 37, 4, 8, 7, 33, 27, 36, 25, 1, 24, 20, 3, 32, 38, 31, 22]",True,200.0,0.2,1024
