,Iteration,Fitness,FEvals,Time,State,Population Size,Mutation Rate,max_iters
0,0,1002.2105229646651,20,0.00025350000942125916,"[2, 9, 4, 8, 7, 1, 6, 3, 0, 5]",20.0,0.3,1024
1,1,1002.2105229646651,41,0.0020505840075202286,"[2, 9, 4, 8, 7, 1, 6, 3, 0, 5]",20.0,0.3,1024
2,4,1002.2105229646651,104,0.00496741701499559,"[2, 9, 4, 8, 7, 1, 6, 3, 0, 5]",20.0,0.3,1024
3,16,943.422073819966,360,0.013209374999860302,"[0, 6, 1, 8, 7, 9, 4, 2, 5, 3]",20.0,0.3,1024
4,64,800.4547486214722,1373,0.043672708998201415,"[0, 6, 9, 1, 7, 4, 8, 2, 5, 3]",20.0,0.3,1024
5,256,718.6772744381386,3810,0.11579599999822676,"[0, 6, 9, 1, 4, 7, 8, 2, 5, 3]",20.0,0.3,1024
6,1024,718.6772744381386,3810,0.11579599999822676,"[0, 6, 9, 1, 4, 7, 8, 2, 5, 3]",20.0,0.3,1024
