,Iteration,Fitness,FEvals,Time,State,Population Size,Mutation Rate,max_iters
0,0,1315.876954389335,20,0.00027604197384789586,"[1, 9, 8, 4, 5, 3, 2, 6, 0, 7]",20.0,0.3,1024
1,1,1081.6574789524936,42,0.0022898329771123827,"[7, 0, 3, 5, 6, 8, 9, 4, 1, 2]",20.0,0.3,1024
2,4,952.6257528753927,106,0.005602249992080033,"[7, 0, 3, 5, 6, 1, 4, 2, 8, 9]",20.0,0.3,1024
3,16,862.0430418782546,362,0.015091207984369248,"[6, 0, 3, 5, 9, 1, 4, 2, 8, 7]",20.0,0.3,1024
4,64,718.6772744381387,1373,0.048427916975924745,"[2, 5, 3, 0, 6, 9, 1, 4, 7, 8]",20.0,0.3,1024
5,256,718.6772744381387,2906,0.10273929199320264,"[2, 5, 3, 0, 6, 9, 1, 4, 7, 8]",20.0,0.3,1024
6,1024,718.6772744381387,2906,0.10273929199320264,"[2, 5, 3, 0, 6, 9, 1, 4, 7, 8]",20.0,0.3,1024
