,Iteration,Fitness,FEvals,Time,State,use_fast_mimic,Population Size,Keep Percent,max_iters
0,0,6978.984292790162,200,0.004271707992302254,"[40, 9, 31, 19, 24, 35, 20, 29, 4, 34, 49, 48, 28, 10, 5, 37, 45, 47, 17, 27, 42, 1, 23, 15, 6, 8, 13, 33, 36, 12, 43, 16, 2, 25, 41, 30, 44, 21, 22, 7, 26, 11, 32, 3, 18, 38, 0, 14, 39, 46]",True,200.0,0.2,1024
1,1,5585.1356322185275,402,0.5410579579765908,"[10, 18, 19, 38, 44, 45, 33, 37, 27, 22, 31, 30, 14, 23, 12, 20, 25, 36, 29, 41, 6, 34, 46, 0, 3, 43, 16, 1, 4, 24, 13, 39, 28, 15, 17, 8, 7, 35, 11, 49, 5, 2, 9, 40, 32, 48, 26, 42, 21, 47]",True,200.0,0.2,1024
2,4,5560.084680458059,1006,2.338022665993776,"[21, 18, 5, 41, 3, 46, 0, 16, 33, 24, 40, 45, 44, 17, 26, 47, 8, 39, 20, 6, 4, 35, 36, 15, 34, 25, 38, 28, 9, 23, 7, 19, 37, 27, 13, 31, 49, 11, 42, 43, 14, 32, 30, 29, 2, 1, 10, 48, 22, 12]",True,200.0,0.2,1024
3,16,5560.084680458059,2614,12.221876166004222,"[21, 18, 5, 41, 3, 46, 0, 16, 33, 24, 40, 45, 44, 17, 26, 47, 8, 39, 20, 6, 4, 35, 36, 15, 34, 25, 38, 28, 9, 23, 7, 19, 37, 27, 13, 31, 49, 11, 42, 43, 14, 32, 30, 29, 2, 1, 10, 48, 22, 12]",True,200.0,0.2,1024
4,64,5560.084680458059,2614,12.221876166004222,"[21, 18, 5, 41, 3, 46, 0, 16, 33, 24, 40, 45, 44, 17, 26, 47, 8, 39, 20, 6, 4, 35, 36, 15, 34, 25, 38, 28, 9, 23, 7, 19, 37, 27, 13, 31, 49, 11, 42, 43, 14, 32, 30, 29, 2, 1, 10, 48, 22, 12]",True,200.0,0.2,1024
5,256,5560.084680458059,2614,12.221876166004222,"[21, 18, 5, 41, 3, 46, 0, 16, 33, 24, 40, 45, 44, 17, 26, 47, 8, 39, 20, 6, 4, 35, 36, 15, 34, 25, 38, 28, 9, 23, 7, 19, 37, 27, 13, 31, 49, 11, 42, 43, 14, 32, 30, 29, 2, 1, 10, 48, 22, 12]",True,200.0,0.2,1024
6,1024,5560.084680458059,2614,12.221876166004222,"[21, 18, 5, 41, 3, 46, 0, 16, 33, 24, 40, 45, 44, 17, 26, 47, 8, 39, 20, 6, 4, 35, 36, 15, 34, 25, 38, 28, 9, 23, 7, 19, 37, 27, 13, 31, 49, 11, 42, 43, 14, 32, 30, 29, 2, 1, 10, 48, 22, 12]",True,200.0,0.2,1024
