,Iteration,Fitness,FEvals,Time,State,Population Size,Mutation Rate,max_iters
0,0,4053.020965906817,20,0.00035895800101570785,"[7, 17, 0, 13, 2, 18, 12, 11, 6, 27, 24, 21, 26, 8, 22, 5, 15, 10, 9, 25, 20, 4, 23, 3, 29, 19, 14, 28, 16, 1]",20.0,0.3,1024
1,1,3569.588726155786,42,0.0025739170087035745,"[1, 27, 13, 6, 14, 17, 2, 26, 24, 8, 5, 22, 21, 4, 11, 7, 19, 15, 9, 12, 18, 3, 20, 16, 28, 10, 23, 0, 29, 25]",20.0,0.3,1024
2,4,3130.9571268371337,106,0.006845541996881366,"[22, 5, 15, 2, 21, 16, 23, 24, 14, 4, 9, 25, 1, 29, 26, 27, 8, 13, 6, 17, 11, 7, 19, 12, 18, 3, 20, 28, 10, 0]",20.0,0.3,1024
3,16,2928.4438525242617,364,0.0210283329943195,"[22, 5, 27, 12, 17, 7, 15, 21, 23, 6, 2, 26, 19, 14, 1, 24, 8, 4, 11, 13, 9, 18, 16, 25, 20, 3, 28, 10, 29, 0]",20.0,0.3,1024
4,64,2198.7546678012673,1388,0.07452179200481623,"[22, 5, 27, 20, 3, 17, 19, 4, 15, 21, 18, 29, 6, 10, 2, 1, 24, 14, 26, 13, 8, 7, 11, 9, 16, 25, 23, 12, 0, 28]",20.0,0.3,1024
5,256,1657.1685521545694,5442,0.29223683298914693,"[22, 27, 5, 28, 20, 0, 12, 17, 19, 14, 15, 29, 26, 13, 18, 21, 6, 10, 2, 24, 1, 8, 7, 4, 11, 25, 9, 16, 23, 3]",20.0,0.3,1024
6,1024,1461.861872649239,15724,0.8590167920046952,"[22, 27, 5, 28, 20, 0, 12, 21, 18, 13, 26, 29, 15, 10, 6, 17, 19, 14, 2, 24, 8, 1, 7, 4, 11, 25, 16, 9, 23, 3]",20.0,0.3,1024
