,Iteration,Fitness,FEvals,Time,State,use_fast_mimic,Population Size,Keep Percent,max_iters
0,0,4053.020965906817,200,0.0031403749890159816,"[7, 17, 0, 13, 2, 18, 12, 11, 6, 27, 24, 21, 26, 8, 22, 5, 15, 10, 9, 25, 20, 4, 23, 3, 29, 19, 14, 28, 16, 1]",True,200.0,0.2,1024
1,1,3126.8017642915074,402,0.14857887499965727,"[3, 12, 23, 0, 16, 24, 25, 21, 26, 11, 22, 5, 15, 4, 1, 13, 10, 2, 28, 29, 27, 20, 18, 9, 14, 8, 7, 19, 17, 6]",True,200.0,0.2,1024
2,4,3079.344017695229,1006,0.5775133339921013,"[0, 21, 20, 15, 16, 13, 17, 29, 8, 1, 11, 4, 25, 7, 10, 12, 19, 2, 24, 5, 27, 22, 18, 9, 14, 26, 28, 3, 6, 23]",True,200.0,0.2,1024
3,16,3079.344017695229,2614,2.5407657499890774,"[0, 21, 20, 15, 16, 13, 17, 29, 8, 1, 11, 4, 25, 7, 10, 12, 19, 2, 24, 5, 27, 22, 18, 9, 14, 26, 28, 3, 6, 23]",True,200.0,0.2,1024
4,64,3079.344017695229,2614,2.5407657499890774,"[0, 21, 20, 15, 16, 13, 17, 29, 8, 1, 11, 4, 25, 7, 10, 12, 19, 2, 24, 5, 27, 22, 18, 9, 14, 26, 28, 3, 6, 23]",True,200.0,0.2,1024
5,256,3079.344017695229,2614,2.5407657499890774,"[0, 21, 20, 15, 16, 13, 17, 29, 8, 1, 11, 4, 25, 7, 10, 12, 19, 2, 24, 5, 27, 22, 18, 9, 14, 26, 28, 3, 6, 23]",True,200.0,0.2,1024
6,1024,3079.344017695229,2614,2.5407657499890774,"[0, 21, 20, 15, 16, 13, 17, 29, 8, 1, 11, 4, 25, 7, 10, 12, 19, 2, 24, 5, 27, 22, 18, 9, 14, 26, 28, 3, 6, 23]",True,200.0,0.2,1024
