,Iteration,Fitness,FEvals,Time,State,use_fast_mimic,Population Size,Keep Percent,max_iters
0,0,5788.849966764868,200,0.0037609999999403954,"[5, 16, 1, 39, 28, 31, 6, 24, 38, 26, 3, 2, 14, 20, 11, 7, 35, 33, 21, 9, 23, 12, 29, 30, 10, 25, 34, 36, 18, 32, 22, 4, 15, 19, 8, 27, 17, 0, 13, 37]",True,200.0,0.2,1024
1,1,4042.2737859846284,402,0.3470602500019595,"[34, 5, 13, 11, 19, 28, 25, 35, 39, 3, 20, 38, 9, 10, 23, 33, 21, 30, 16, 17, 14, 8, 1, 32, 15, 2, 31, 36, 4, 37, 12, 0, 22, 27, 26, 6, 24, 7, 18, 29]",True,200.0,0.2,1024
2,4,3829.1276638080762,1007,1.1870878750050906,"[34, 5, 13, 6, 15, 27, 28, 19, 30, 3, 20, 38, 9, 10, 29, 33, 21, 32, 16, 11, 4, 8, 1, 24, 25, 2, 7, 36, 14, 31, 12, 0, 39, 35, 26, 22, 23, 17, 18, 37]",True,200.0,0.2,1024
3,16,3517.724518762502,3219,7.014226833009161,"[12, 34, 13, 28, 22, 15, 21, 35, 30, 3, 20, 6, 9, 10, 29, 33, 23, 14, 16, 7, 4, 8, 1, 38, 25, 11, 2, 36, 32, 37, 24, 0, 39, 27, 26, 31, 19, 17, 18, 5]",True,200.0,0.2,1024
4,64,3517.724518762502,3219,7.014226833009161,"[12, 34, 13, 28, 22, 15, 21, 35, 30, 3, 20, 6, 9, 10, 29, 33, 23, 14, 16, 7, 4, 8, 1, 38, 25, 11, 2, 36, 32, 37, 24, 0, 39, 27, 26, 31, 19, 17, 18, 5]",True,200.0,0.2,1024
5,256,3517.724518762502,3219,7.014226833009161,"[12, 34, 13, 28, 22, 15, 21, 35, 30, 3, 20, 6, 9, 10, 29, 33, 23, 14, 16, 7, 4, 8, 1, 38, 25, 11, 2, 36, 32, 37, 24, 0, 39, 27, 26, 31, 19, 17, 18, 5]",True,200.0,0.2,1024
6,1024,3517.724518762502,3219,7.014226833009161,"[12, 34, 13, 28, 22, 15, 21, 35, 30, 3, 20, 6, 9, 10, 29, 33, 23, 14, 16, 7, 4, 8, 1, 38, 25, 11, 2, 36, 32, 37, 24, 0, 39, 27, 26, 31, 19, 17, 18, 5]",True,200.0,0.2,1024
