,Iteration,Fitness,FEvals,Time,State,Population Size,Mutation Rate,max_iters
0,0,23.0,50,0.00040970899863168597,"[1, 0, 0, 0, 1, 1, 0, 1, 0, 1, 0, 0, 1, 0, 1, 0, 1, 1, 1, 0]",50.0,0.3,1024
1,1,30.0,102,0.0022646249854005873,"[0, 1, 1, 1, 1, 0, 0, 0, 1, 1, 0, 0, 0, 0, 0, 0, 0, 0, 0, 0]",50.0,0.3,1024
2,4,30.0,255,0.005724124988773838,"[0, 1, 1, 1, 1, 0, 0, 0, 1, 1, 0, 0, 0, 0, 0, 0, 0, 0, 0, 0]",50.0,0.3,1024
3,16,33.0,869,0.016913667001063004,"[1, 1, 1, 1, 1, 1, 1, 1, 1, 1, 1, 1, 1, 0, 0, 0, 0, 0, 0, 0]",50.0,0.3,1024
4,64,37.0,2301,0.04180670899222605,"[1, 1, 1, 1, 1, 1, 1, 1, 1, 1, 1, 1, 1, 1, 1, 1, 1, 0, 0, 0]",50.0,0.3,1024
5,256,37.0,2301,0.04180670899222605,"[1, 1, 1, 1, 1, 1, 1, 1, 1, 1, 1, 1, 1, 1, 1, 1, 1, 0, 0, 0]",50.0,0.3,1024
6,1024,37.0,2301,0.04180670899222605,"[1, 1, 1, 1, 1, 1, 1, 1, 1, 1, 1, 1, 1, 1, 1, 1, 1, 0, 0, 0]",50.0,0.3,1024
