,Iteration,Fitness,FEvals,Time,State,Population Size,Mutation Rate,max_iters
0,0,2732.622701065845,20,0.0003022089949809015,"[6, 5, 9, 7, 8, 2, 17, 0, 11, 10, 4, 13, 12, 15, 19, 3, 14, 18, 16, 1]",20.0,0.3,1024
1,1,2299.185614372885,42,0.0022622089891228825,"[0, 3, 14, 13, 8, 7, 1, 6, 12, 5, 11, 9, 18, 17, 19, 15, 16, 4, 2, 10]",20.0,0.3,1024
2,4,2193.678431049013,106,0.005791584000689909,"[0, 3, 14, 11, 7, 1, 15, 12, 6, 13, 9, 8, 16, 19, 2, 17, 10, 4, 5, 18]",20.0,0.3,1024
3,16,1874.8670101570028,365,0.017190042010042816,"[0, 3, 14, 13, 8, 7, 2, 19, 1, 10, 4, 11, 15, 12, 6, 9, 17, 16, 5, 18]",20.0,0.3,1024
4,64,1351.7312480204457,1384,0.05911237499094568,"[0, 3, 13, 10, 8, 7, 2, 19, 14, 9, 1, 16, 11, 4, 17, 6, 12, 18, 15, 5]",20.0,0.3,1024
5,256,1228.7907209264072,5424,0.22660762499435805,"[3, 0, 13, 10, 19, 2, 7, 8, 1, 9, 14, 16, 4, 11, 17, 6, 12, 18, 15, 5]",20.0,0.3,1024
6,1024,1228.7907209264072,6180,0.2599409169924911,"[3, 0, 13, 10, 19, 2, 7, 8, 1, 9, 14, 16, 4, 11, 17, 6, 12, 18, 15, 5]",20.0,0.3,1024
