,Iteration,Fitness,FEvals,Time,State,use_fast_mimic,Population Size,Keep Percent,max_iters
0,0,7448.033917872912,200,0.00446008300059475,"[13, 22, 1, 9, 5, 19, 36, 18, 6, 21, 27, 30, 49, 26, 41, 29, 4, 25, 35, 28, 0, 20, 47, 48, 16, 33, 34, 2, 10, 45, 46, 14, 38, 37, 23, 40, 42, 24, 15, 7, 32, 43, 44, 11, 8, 3, 17, 39, 12, 31]",True,200.0,0.2,1024
1,1,5801.945827350835,402,0.8526412909850478,"[6, 23, 47, 8, 36, 4, 38, 18, 27, 5, 46, 12, 20, 15, 41, 37, 19, 45, 26, 33, 11, 14, 3, 13, 24, 39, 0, 10, 31, 21, 28, 40, 2, 32, 22, 42, 30, 7, 44, 17, 35, 9, 25, 43, 48, 34, 29, 49, 16, 1]",True,200.0,0.2,1024
2,4,5174.50762597743,1006,3.243855332984822,"[23, 27, 0, 33, 25, 26, 37, 38, 7, 18, 44, 24, 4, 2, 36, 31, 1, 35, 42, 9, 19, 10, 12, 21, 39, 47, 22, 20, 41, 45, 40, 8, 46, 15, 3, 30, 5, 6, 11, 28, 49, 34, 29, 14, 16, 17, 48, 32, 43, 13]",True,200.0,0.2,1024
3,16,5174.50762597743,2614,16.027896665997105,"[23, 27, 0, 33, 25, 26, 37, 38, 7, 18, 44, 24, 4, 2, 36, 31, 1, 35, 42, 9, 19, 10, 12, 21, 39, 47, 22, 20, 41, 45, 40, 8, 46, 15, 3, 30, 5, 6, 11, 28, 49, 34, 29, 14, 16, 17, 48, 32, 43, 13]",True,200.0,0.2,1024
4,64,5174.50762597743,2614,16.027896665997105,"[23, 27, 0, 33, 25, 26, 37, 38, 7, 18, 44, 24, 4, 2, 36, 31, 1, 35, 42, 9, 19, 10, 12, 21, 39, 47, 22, 20, 41, 45, 40, 8, 46, 15, 3, 30, 5, 6, 11, 28, 49, 34, 29, 14, 16, 17, 48, 32, 43, 13]",True,200.0,0.2,1024
5,256,5174.50762597743,2614,16.027896665997105,"[23, 27, 0, 33, 25, 26, 37, 38, 7, 18, 44, 24, 4, 2, 36, 31, 1, 35, 42, 9, 19, 10, 12, 21, 39, 47, 22, 20, 41, 45, 40, 8, 46, 15, 3, 30, 5, 6, 11, 28, 49, 34, 29, 14, 16, 17, 48, 32, 43, 13]",True,200.0,0.2,1024
6,1024,5174.50762597743,2614,16.027896665997105,"[23, 27, 0, 33, 25, 26, 37, 38, 7, 18, 44, 24, 4, 2, 36, 31, 1, 35, 42, 9, 19, 10, 12, 21, 39, 47, 22, 20, 41, 45, 40, 8, 46, 15, 3, 30, 5, 6, 11, 28, 49, 34, 29, 14, 16, 17, 48, 32, 43, 13]",True,200.0,0.2,1024
