,Iteration,Time,Fitness,FEvals,Population Size,Mutation Rate,max_iters
0,0,0.00010187498992308974,9.0,0.0,200.0,0.3,1024
1,1,0.0038784169883001596,18.0,2.0,200.0,0.3,1024
2,2,0.0076434579968918115,18.0,3.0,200.0,0.3,1024
3,3,0.010110832983627915,18.0,4.0,200.0,0.3,1024
4,4,0.012624708004295826,18.0,5.0,200.0,0.3,1024
5,5,0.016247124993242323,18.0,6.0,200.0,0.3,1024
6,6,0.018784207990393043,18.0,7.0,200.0,0.3,1024
7,7,0.021233375009614974,18.0,8.0,200.0,0.3,1024
8,8,0.02371970799867995,19.0,10.0,200.0,0.3,1024
