,Iteration,Fitness,FEvals,Time,State,use_fast_mimic,Population Size,Keep Percent,max_iters
0,0,2610.5619539587265,200,0.0025007909862324595,"[10, 11, 1, 4, 17, 8, 12, 9, 18, 15, 16, 13, 5, 3, 2, 6, 0, 19, 7, 14]",True,200.0,0.2,1024
1,1,1992.2144845348967,402,0.0720214580069296,"[9, 10, 3, 5, 18, 16, 11, 14, 1, 7, 8, 13, 0, 19, 2, 4, 12, 15, 6, 17]",True,200.0,0.2,1024
2,4,1911.7966141052134,1007,0.27862924998044036,"[10, 3, 0, 15, 12, 5, 4, 16, 11, 1, 19, 13, 18, 7, 2, 6, 8, 9, 14, 17]",True,200.0,0.2,1024
3,16,1897.4265515868137,3219,1.2080806659942027,"[10, 3, 0, 13, 12, 5, 4, 11, 17, 1, 19, 8, 16, 7, 2, 9, 14, 6, 15, 18]",True,200.0,0.2,1024
4,64,1897.4265515868137,3219,1.2080806659942027,"[10, 3, 0, 13, 12, 5, 4, 11, 17, 1, 19, 8, 16, 7, 2, 9, 14, 6, 15, 18]",True,200.0,0.2,1024
5,256,1897.4265515868137,3219,1.2080806659942027,"[10, 3, 0, 13, 12, 5, 4, 11, 17, 1, 19, 8, 16, 7, 2, 9, 14, 6, 15, 18]",True,200.0,0.2,1024
6,1024,1897.4265515868137,3219,1.2080806659942027,"[10, 3, 0, 13, 12, 5, 4, 11, 17, 1, 19, 8, 16, 7, 2, 9, 14, 6, 15, 18]",True,200.0,0.2,1024
