,Iteration,Fitness,FEvals,Time,State,use_fast_mimic,Population Size,Keep Percent,max_iters
0,0,2793.6596289672807,200,0.0027360839885659516,"[10, 7, 6, 9, 3, 13, 18, 8, 0, 12, 5, 1, 16, 15, 11, 17, 2, 4, 19, 14]",True,200.0,0.2,1024
1,1,2075.9323489184276,402,0.07249612497980706,"[3, 17, 9, 0, 5, 18, 12, 13, 6, 1, 19, 14, 11, 10, 7, 8, 2, 4, 16, 15]",True,200.0,0.2,1024
2,4,1766.2718771685336,1007,0.28056808398105204,"[18, 9, 10, 3, 0, 1, 11, 16, 4, 19, 7, 2, 8, 14, 13, 17, 12, 6, 5, 15]",True,200.0,0.2,1024
3,16,1626.0054377699678,3421,1.296372958982829,"[7, 8, 4, 16, 14, 10, 17, 1, 11, 6, 13, 0, 3, 5, 15, 18, 12, 9, 2, 19]",True,200.0,0.2,1024
4,64,1626.0054377699678,3421,1.296372958982829,"[7, 8, 4, 16, 14, 10, 17, 1, 11, 6, 13, 0, 3, 5, 15, 18, 12, 9, 2, 19]",True,200.0,0.2,1024
5,256,1626.0054377699678,3421,1.296372958982829,"[7, 8, 4, 16, 14, 10, 17, 1, 11, 6, 13, 0, 3, 5, 15, 18, 12, 9, 2, 19]",True,200.0,0.2,1024
6,1024,1626.0054377699678,3421,1.296372958982829,"[7, 8, 4, 16, 14, 10, 17, 1, 11, 6, 13, 0, 3, 5, 15, 18, 12, 9, 2, 19]",True,200.0,0.2,1024
