,Iteration,Fitness,FEvals,Time,State,Population Size,Mutation Rate,max_iters
0,0,14.0,50,0.0009413340012542903,"[0, 1, 0, 0, 0, 0, 1, 1, 1, 1]",50.0,0.3,1024
1,1,15.0,102,0.007902916986495256,"[0, 1, 1, 0, 0, 0, 0, 0, 1, 0]",50.0,0.3,1024
2,4,17.0,256,0.013147666992153972,"[0, 0, 0, 0, 0, 0, 0, 1, 1, 0]",50.0,0.3,1024
3,16,18.0,869,0.03027129199472256,"[1, 1, 1, 1, 1, 1, 1, 1, 0, 0]",50.0,0.3,1024
4,64,18.0,971,0.03426716700778343,"[1, 1, 1, 1, 1, 1, 1, 1, 0, 0]",50.0,0.3,1024
5,256,18.0,971,0.03426716700778343,"[1, 1, 1, 1, 1, 1, 1, 1, 0, 0]",50.0,0.3,1024
6,1024,18.0,971,0.03426716700778343,"[1, 1, 1, 1, 1, 1, 1, 1, 0, 0]",50.0,0.3,1024
