,Iteration,Fitness,FEvals,Time,State,use_fast_mimic,Population Size,Keep Percent,max_iters
0,0,14.0,200,0.0013250829942990094,"[0, 1, 0, 0, 0, 0, 1, 1, 1, 1]",True,200.0,0.2,1024
1,1,18.0,402,0.00540345799527131,"[0.0, 0.0, 0.0, 0.0, 0.0, 0.0, 0.0, 0.0, 1.0, 1.0]",True,200.0,0.2,1024
2,4,18.0,1005,0.012765374995069578,"[0.0, 0.0, 0.0, 0.0, 0.0, 0.0, 0.0, 0.0, 1.0, 1.0]",True,200.0,0.2,1024
3,16,18.0,2412,0.028503040986834094,"[0.0, 0.0, 0.0, 0.0, 0.0, 0.0, 0.0, 0.0, 1.0, 1.0]",True,200.0,0.2,1024
4,64,18.0,2412,0.028503040986834094,"[0.0, 0.0, 0.0, 0.0, 0.0, 0.0, 0.0, 0.0, 1.0, 1.0]",True,200.0,0.2,1024
5,256,18.0,2412,0.028503040986834094,"[0.0, 0.0, 0.0, 0.0, 0.0, 0.0, 0.0, 0.0, 1.0, 1.0]",True,200.0,0.2,1024
6,1024,18.0,2412,0.028503040986834094,"[0.0, 0.0, 0.0, 0.0, 0.0, 0.0, 0.0, 0.0, 1.0, 1.0]",True,200.0,0.2,1024
