,Iteration,Time,Fitness,FEvals,Population Size,Mutation Rate,max_iters
0,0,0.005726709001464769,3.0,0.0,20,0.3,2048
1,1,0.05421054200269282,9.0,2.0,20,0.3,2048
