,Iteration,Fitness,FEvals,Time,State,Population Size,Mutation Rate,max_iters
0,0,1268.179227849001,20,0.0002845830167643726,"[9, 8, 1, 7, 4, 2, 0, 3, 6, 5]",20.0,0.3,1024
1,1,1025.3776230907165,42,0.002065083011984825,"[2, 7, 6, 9, 4, 1, 8, 0, 3, 5]",20.0,0.3,1024
2,4,931.5098131312437,108,0.004874042002484202,"[2, 4, 1, 9, 8, 7, 6, 0, 3, 5]",20.0,0.3,1024
3,16,718.6772744381386,365,0.013093792018480599,"[2, 8, 7, 4, 1, 9, 6, 0, 3, 5]",20.0,0.3,1024
4,64,718.6772744381386,1373,0.043099750007968396,"[2, 8, 7, 4, 1, 9, 6, 0, 3, 5]",20.0,0.3,1024
5,256,718.6772744381386,2444,0.07523508300073445,"[2, 8, 7, 4, 1, 9, 6, 0, 3, 5]",20.0,0.3,1024
6,1024,718.6772744381386,2444,0.07523508300073445,"[2, 8, 7, 4, 1, 9, 6, 0, 3, 5]",20.0,0.3,1024
