,Iteration,Fitness,FEvals,Time,State,use_fast_mimic,Population Size,Keep Percent,max_iters
0,0,1268.179227849001,200,0.00209650001488626,"[9, 8, 1, 7, 4, 2, 0, 3, 6, 5]",True,200.0,0.2,1024
1,1,903.5219387596228,402,0.03352579101920128,"[5, 2, 1, 4, 8, 7, 9, 6, 0, 3]",True,200.0,0.2,1024
2,4,774.6386230928539,1008,0.12023012500139885,"[3, 5, 8, 2, 7, 4, 1, 9, 6, 0]",True,200.0,0.2,1024
3,16,774.6386230928539,3018,0.41530595801305026,"[3, 5, 8, 2, 7, 4, 1, 9, 6, 0]",True,200.0,0.2,1024
4,64,774.6386230928539,3018,0.41530595801305026,"[3, 5, 8, 2, 7, 4, 1, 9, 6, 0]",True,200.0,0.2,1024
5,256,774.6386230928539,3018,0.41530595801305026,"[3, 5, 8, 2, 7, 4, 1, 9, 6, 0]",True,200.0,0.2,1024
6,1024,774.6386230928539,3018,0.41530595801305026,"[3, 5, 8, 2, 7, 4, 1, 9, 6, 0]",True,200.0,0.2,1024
