,Restarts,size,Iteration,max_iters,Fitness,FEvals,Time
0,1,10,0,1024,5.2,0.5333333333333333,0.0010275390037956338
1,1,10,1,1024,5.6,1.7333333333333334,0.0021078307356219737
2,1,10,4,1024,9.0,1.5,0.0024027085164561868
3,1,10,16,1024,9.0,1.5,0.0024027085164561868
4,1,10,64,1024,9.0,1.5,0.0024027085164561868
5,1,10,256,1024,9.0,1.5,0.0024027085164561868
6,1,10,1024,1024,9.0,1.5,0.0024027085164561868
