,Restarts,size,Iteration,max_iters,Fitness,FEvals,Time
0,100,10,0,1024,10.861386138613861,5871.089108910891,6.158854015909209
1,100,10,1,1024,12.148514851485148,5872.445544554455,6.175889877503332
2,100,10,4,1024,14.306930693069306,5876.064356435643,6.19394495468189
3,100,10,16,1024,15.965346534653465,5889.024752475248,6.219108528523138
4,100,10,64,1024,16.574257425742573,5937.415841584158,6.271760733522957
5,100,10,256,1024,16.613861386138613,5988.252475247525,6.325979636587165
6,100,10,1024,1024,16.613861386138613,5988.252475247525,6.325979636587165
