,Iteration,Fitness,FEvals,Time,State,Population Size,Mutation Rate,max_iters
0,0,7448.033917872912,20,0.0004801250179298222,"[13, 22, 1, 9, 5, 19, 36, 18, 6, 21, 27, 30, 49, 26, 41, 29, 4, 25, 35, 28, 0, 20, 47, 48, 16, 33, 34, 2, 10, 45, 46, 14, 38, 37, 23, 40, 42, 24, 15, 7, 32, 43, 44, 11, 8, 3, 17, 39, 12, 31]",20.0,0.3,1024
1,1,5743.9264515037985,42,0.0032158750109374523,"[31, 14, 49, 43, 13, 9, 2, 41, 48, 3, 29, 19, 1, 34, 21, 7, 6, 25, 10, 35, 26, 17, 15, 8, 0, 47, 32, 42, 18, 36, 20, 22, 28, 11, 24, 40, 33, 39, 23, 27, 30, 45, 38, 44, 12, 16, 4, 46, 5, 37]",20.0,0.3,1024
2,4,5246.97572789378,107,0.008993792027467862,"[31, 14, 49, 43, 13, 9, 2, 41, 48, 3, 29, 0, 47, 32, 35, 42, 18, 36, 20, 22, 28, 21, 11, 19, 24, 7, 40, 33, 26, 4, 8, 6, 45, 38, 16, 30, 34, 25, 39, 23, 27, 10, 17, 15, 12, 44, 46, 5, 1, 37]",20.0,0.3,1024
3,16,4649.625473774244,364,0.028928000014275312,"[31, 14, 36, 43, 13, 9, 2, 41, 48, 3, 29, 15, 0, 47, 32, 35, 42, 18, 49, 20, 22, 28, 21, 11, 19, 24, 7, 40, 33, 26, 4, 8, 6, 1, 37, 25, 10, 17, 39, 23, 27, 16, 45, 38, 44, 12, 30, 5, 46, 34]",20.0,0.3,1024
4,64,3788.171002396938,1385,0.10569887500605546,"[31, 14, 36, 10, 13, 44, 2, 41, 48, 3, 29, 15, 0, 18, 43, 32, 35, 42, 49, 5, 20, 22, 46, 28, 21, 37, 16, 9, 19, 47, 24, 7, 40, 38, 33, 26, 4, 8, 6, 45, 11, 25, 1, 17, 39, 23, 27, 30, 12, 34]",20.0,0.3,1024
5,256,2949.36040432414,5445,0.41335766701376997,"[32, 14, 36, 17, 10, 38, 2, 9, 47, 0, 48, 21, 41, 29, 15, 49, 43, 34, 18, 42, 30, 3, 5, 20, 22, 28, 45, 11, 7, 24, 19, 6, 13, 33, 37, 26, 4, 8, 40, 1, 25, 35, 16, 44, 39, 23, 27, 46, 12, 31]",20.0,0.3,1024
6,1024,2511.195790164594,17362,1.3491341670160182,"[32, 14, 36, 17, 44, 2, 38, 9, 37, 26, 18, 21, 41, 15, 29, 49, 43, 34, 30, 12, 42, 3, 5, 20, 22, 46, 27, 33, 13, 11, 45, 4, 7, 8, 24, 40, 19, 47, 6, 25, 1, 35, 16, 10, 39, 23, 28, 0, 48, 31]",20.0,0.3,1024
