,Iteration,Fitness,FEvals,Time,State,Population Size,Mutation Rate,max_iters
0,0,2760.5361808128746,20,0.00035520800156518817,"[16, 6, 13, 4, 1, 5, 9, 15, 18, 0, 2, 14, 11, 10, 8, 19, 3, 17, 7, 12]",20.0,0.3,1024
1,1,2193.927880018069,42,0.0022716250095982105,"[0, 2, 8, 19, 7, 9, 15, 18, 17, 1, 4, 11, 5, 10, 16, 6, 13, 12, 14, 3]",20.0,0.3,1024
2,4,2020.4160110112307,107,0.005834582989336923,"[17, 13, 12, 5, 18, 15, 3, 9, 4, 8, 19, 0, 6, 16, 10, 2, 7, 1, 11, 14]",20.0,0.3,1024
3,16,1682.1818614072733,364,0.016973165998933837,"[17, 13, 6, 5, 12, 18, 15, 9, 3, 0, 2, 8, 19, 7, 1, 10, 4, 16, 11, 14]",20.0,0.3,1024
4,64,1357.8517912081177,1385,0.058770540985278785,"[9, 13, 6, 10, 17, 12, 18, 15, 5, 3, 0, 2, 7, 8, 19, 1, 14, 11, 4, 16]",20.0,0.3,1024
5,256,1229.340574596333,4625,0.1937292910006363,"[14, 9, 10, 17, 13, 6, 12, 18, 15, 5, 3, 0, 2, 7, 8, 19, 1, 11, 4, 16]",20.0,0.3,1024
6,1024,1229.340574596333,4625,0.1937292910006363,"[14, 9, 10, 17, 13, 6, 12, 18, 15, 5, 3, 0, 2, 7, 8, 19, 1, 11, 4, 16]",20.0,0.3,1024
