,Iteration,Fitness,FEvals,Time,State,use_fast_mimic,Population Size,Keep Percent,max_iters
0,0,2760.5361808128746,200,0.0026214169920422137,"[16, 6, 13, 4, 1, 5, 9, 15, 18, 0, 2, 14, 11, 10, 8, 19, 3, 17, 7, 12]",True,200.0,0.2,1024
1,1,2030.5964261988172,402,0.07490274999872781,"[15, 16, 12, 5, 18, 14, 10, 9, 1, 6, 4, 17, 13, 19, 2, 11, 8, 7, 0, 3]",True,200.0,0.2,1024
2,4,2017.4658172485883,1006,0.2818042919971049,"[1, 9, 6, 10, 3, 0, 2, 16, 4, 5, 15, 12, 14, 11, 8, 7, 18, 17, 13, 19]",True,200.0,0.2,1024
3,16,1735.5541170358945,3422,1.1711723339976743,"[15, 16, 17, 19, 7, 2, 8, 11, 4, 12, 5, 18, 13, 10, 0, 3, 6, 14, 9, 1]",True,200.0,0.2,1024
4,64,1735.5541170358945,4427,1.6404225419973955,"[15, 16, 17, 19, 7, 2, 8, 11, 4, 12, 5, 18, 13, 10, 0, 3, 6, 14, 9, 1]",True,200.0,0.2,1024
5,256,1735.5541170358945,4427,1.6404225419973955,"[15, 16, 17, 19, 7, 2, 8, 11, 4, 12, 5, 18, 13, 10, 0, 3, 6, 14, 9, 1]",True,200.0,0.2,1024
6,1024,1735.5541170358945,4427,1.6404225419973955,"[15, 16, 17, 19, 7, 2, 8, 11, 4, 12, 5, 18, 13, 10, 0, 3, 6, 14, 9, 1]",True,200.0,0.2,1024
