,Iteration,Fitness,FEvals,Time,State,Population Size,Mutation Rate,max_iters
0,0,2391.5844463137505,20,0.00030449999030679464,"[12, 8, 1, 16, 9, 3, 14, 13, 10, 17, 4, 15, 18, 19, 2, 7, 0, 11, 6, 5]",20.0,0.3,1024
1,1,2273.2735285381673,42,0.0022362500021699816,"[1, 17, 16, 19, 2, 3, 12, 5, 15, 0, 6, 8, 7, 13, 11, 18, 4, 10, 14, 9]",20.0,0.3,1024
2,4,2035.9187823136765,107,0.005807833018479869,"[1, 8, 7, 2, 17, 16, 19, 3, 12, 5, 15, 0, 6, 13, 11, 18, 4, 10, 14, 9]",20.0,0.3,1024
3,16,1737.4740446439748,365,0.01710816699778661,"[1, 8, 7, 2, 17, 16, 19, 10, 3, 18, 12, 5, 15, 0, 6, 13, 11, 4, 9, 14]",20.0,0.3,1024
4,64,1317.4728967503138,1381,0.058979583001928404,"[1, 8, 7, 2, 19, 17, 13, 9, 14, 10, 0, 3, 15, 5, 18, 12, 6, 16, 4, 11]",20.0,0.3,1024
5,256,1220.7133986124977,5253,0.2207077500061132,"[1, 8, 7, 2, 19, 13, 6, 17, 14, 9, 10, 0, 3, 5, 15, 18, 12, 16, 4, 11]",20.0,0.3,1024
6,1024,1220.7133986124977,5253,0.2207077500061132,"[1, 8, 7, 2, 19, 13, 6, 17, 14, 9, 10, 0, 3, 5, 15, 18, 12, 16, 4, 11]",20.0,0.3,1024
