,Iteration,Fitness,FEvals,Time,State,Population Size,Mutation Rate,max_iters
0,0,26.0,50,0.0003893749963026494,"[0, 0, 0, 0, 0, 0, 1, 0, 0, 1, 1, 1, 1, 0, 0, 0, 1, 0, 0, 1]",50.0,0.3,1024
1,1,27.0,102,0.002319374994840473,"[0, 0, 0, 0, 0, 0, 0, 1, 1, 0, 1, 1, 1, 1, 0, 0, 1, 1, 1, 0]",50.0,0.3,1024
2,4,30.0,257,0.005848665983648971,"[0, 1, 0, 0, 0, 1, 1, 0, 0, 0, 1, 1, 1, 1, 1, 1, 1, 1, 1, 1]",50.0,0.3,1024
3,16,32.0,871,0.017131500004325062,"[1, 1, 0, 0, 1, 1, 1, 1, 0, 0, 0, 0, 0, 0, 0, 0, 0, 0, 0, 0]",50.0,0.3,1024
4,64,32.0,1279,0.024997707980219275,"[1, 1, 0, 0, 1, 1, 1, 1, 0, 0, 0, 0, 0, 0, 0, 0, 0, 0, 0, 0]",50.0,0.3,1024
5,256,32.0,1279,0.024997707980219275,"[1, 1, 0, 0, 1, 1, 1, 1, 0, 0, 0, 0, 0, 0, 0, 0, 0, 0, 0, 0]",50.0,0.3,1024
6,1024,32.0,1279,0.024997707980219275,"[1, 1, 0, 0, 1, 1, 1, 1, 0, 0, 0, 0, 0, 0, 0, 0, 0, 0, 0, 0]",50.0,0.3,1024
