,Iteration,Fitness,FEvals,Time,State,Population Size,Mutation Rate,max_iters
0,0,5881.078786949496,20,0.00047041699872352183,"[4, 20, 37, 15, 10, 5, 9, 31, 23, 38, 28, 17, 30, 34, 1, 6, 8, 13, 27, 12, 24, 16, 2, 19, 35, 25, 33, 36, 29, 21, 22, 7, 26, 11, 32, 3, 18, 0, 14, 39]",20.0,0.3,1024
1,1,4668.552594880974,42,0.002994582988321781,"[17, 35, 36, 14, 38, 39, 27, 10, 28, 33, 8, 11, 16, 24, 15, 21, 3, 18, 2, 29, 5, 13, 37, 25, 1, 4, 7, 31, 6, 9, 30, 32, 0, 34, 12, 22, 23, 20, 26, 19]",20.0,0.3,1024
2,4,4601.32527692145,106,0.00802987499628216,"[17, 35, 36, 14, 38, 39, 27, 10, 28, 33, 8, 11, 30, 23, 34, 0, 26, 15, 4, 25, 31, 5, 18, 12, 6, 7, 1, 9, 16, 29, 20, 22, 19, 13, 21, 3, 2, 24, 32, 37]",20.0,0.3,1024
3,16,4174.633763494616,365,0.02519899999606423,"[17, 35, 36, 14, 38, 39, 27, 10, 28, 33, 8, 11, 30, 23, 34, 0, 26, 15, 1, 31, 32, 4, 25, 5, 18, 12, 6, 7, 24, 2, 9, 16, 29, 20, 22, 3, 21, 13, 37, 19]",20.0,0.3,1024
4,64,3504.529344914754,1387,0.09060925000812858,"[35, 1, 31, 28, 39, 17, 14, 38, 22, 27, 20, 10, 34, 33, 29, 8, 11, 30, 23, 6, 26, 15, 13, 32, 7, 4, 25, 5, 18, 12, 0, 24, 2, 9, 16, 36, 3, 21, 37, 19]",20.0,0.3,1024
5,256,2292.9038244215567,5457,0.3528781670029275,"[25, 1, 35, 31, 28, 37, 17, 38, 14, 19, 29, 39, 20, 22, 30, 21, 34, 33, 5, 0, 23, 3, 27, 15, 13, 6, 26, 2, 24, 11, 8, 7, 16, 18, 12, 10, 36, 9, 32, 4]",20.0,0.3,1024
6,1024,1878.0951626645444,14968,0.9843567500065546,"[25, 1, 35, 26, 15, 21, 37, 17, 38, 14, 19, 39, 30, 20, 27, 12, 29, 33, 34, 18, 5, 0, 23, 3, 22, 28, 13, 6, 31, 2, 24, 11, 8, 7, 32, 36, 10, 9, 16, 4]",20.0,0.3,1024
