,Iteration,Fitness,FEvals,Time,State,Population Size,Mutation Rate,max_iters
0,0,7032.406255478582,20,0.00048099999548867345,"[40, 45, 19, 22, 27, 44, 4, 30, 24, 23, 10, 9, 46, 42, 16, 0, 8, 39, 14, 25, 17, 6, 3, 33, 15, 21, 31, 20, 47, 5, 35, 34, 41, 18, 29, 28, 1, 12, 11, 26, 13, 36, 48, 49, 2, 7, 32, 43, 38, 37]",20.0,0.3,1024
1,1,6213.376258193715,42,0.0032664159953128546,"[35, 7, 11, 43, 48, 38, 13, 27, 0, 15, 37, 28, 2, 4, 33, 23, 44, 9, 3, 46, 20, 19, 5, 10, 12, 39, 16, 29, 26, 36, 14, 22, 42, 30, 17, 1, 47, 34, 32, 40, 24, 18, 41, 45, 8, 25, 31, 21, 6, 49]",20.0,0.3,1024
2,4,5512.371544176709,107,0.00901024998165667,"[35, 7, 11, 43, 48, 38, 13, 27, 3, 34, 41, 14, 1, 49, 10, 5, 40, 4, 45, 32, 30, 39, 46, 37, 42, 17, 6, 26, 36, 21, 20, 22, 0, 31, 2, 24, 25, 12, 18, 8, 9, 23, 47, 19, 28, 33, 15, 16, 29, 44]",20.0,0.3,1024
3,16,5320.176675972791,364,0.02896154098561965,"[35, 7, 11, 43, 48, 38, 13, 27, 3, 34, 41, 21, 14, 1, 49, 10, 5, 40, 4, 45, 32, 30, 39, 46, 37, 36, 25, 42, 17, 6, 26, 20, 22, 0, 31, 2, 24, 12, 18, 8, 9, 23, 47, 19, 29, 15, 28, 33, 44, 16]",20.0,0.3,1024
4,64,4140.12153758724,1388,0.10570708298473619,"[35, 7, 11, 43, 48, 38, 13, 28, 27, 3, 34, 36, 14, 1, 49, 10, 2, 40, 9, 4, 45, 26, 21, 30, 5, 46, 0, 6, 37, 42, 31, 32, 41, 20, 22, 39, 8, 24, 25, 12, 18, 17, 23, 47, 19, 33, 29, 15, 44, 16]",20.0,0.3,1024
5,256,3057.7792247607676,5453,0.4108524579787627,"[35, 7, 26, 43, 21, 18, 48, 0, 28, 27, 20, 42, 34, 49, 36, 14, 16, 1, 25, 2, 38, 40, 9, 4, 45, 11, 12, 30, 3, 5, 46, 22, 41, 6, 37, 44, 32, 31, 13, 19, 8, 24, 23, 39, 47, 33, 15, 29, 17, 10]",20.0,0.3,1024
6,1024,2530.5116695374168,19238,1.501700290973531,"[19, 2, 44, 49, 21, 18, 48, 41, 28, 27, 46, 22, 42, 34, 43, 36, 14, 16, 35, 1, 25, 38, 9, 40, 4, 45, 11, 30, 12, 3, 5, 20, 0, 15, 29, 37, 26, 17, 10, 31, 32, 33, 13, 6, 7, 8, 24, 39, 23, 47]",20.0,0.3,1024
