,Iteration,Fitness,FEvals,Time,State,use_fast_mimic,Population Size,Keep Percent,max_iters
0,0,7032.406255478582,200,0.004268124990630895,"[40, 45, 19, 22, 27, 44, 4, 30, 24, 23, 10, 9, 46, 42, 16, 0, 8, 39, 14, 25, 17, 6, 3, 33, 15, 21, 31, 20, 47, 5, 35, 34, 41, 18, 29, 28, 1, 12, 11, 26, 13, 36, 48, 49, 2, 7, 32, 43, 38, 37]",True,200.0,0.2,1024
1,1,5666.682069370546,402,0.5403842499945313,"[25, 11, 19, 2, 37, 44, 45, 9, 28, 14, 8, 33, 4, 1, 30, 42, 34, 3, 22, 5, 23, 15, 46, 27, 39, 20, 7, 38, 17, 13, 6, 49, 43, 31, 48, 18, 29, 40, 0, 21, 10, 16, 24, 35, 26, 36, 47, 32, 12, 41]",True,200.0,0.2,1024
2,4,5666.682069370546,1005,2.279568666999694,"[25, 11, 19, 2, 37, 44, 45, 9, 28, 14, 8, 33, 4, 1, 30, 42, 34, 3, 22, 5, 23, 15, 46, 27, 39, 20, 7, 38, 17, 13, 6, 49, 43, 31, 48, 18, 29, 40, 0, 21, 10, 16, 24, 35, 26, 36, 47, 32, 12, 41]",True,200.0,0.2,1024
3,16,5666.682069370546,2412,12.5898790830106,"[25, 11, 19, 2, 37, 44, 45, 9, 28, 14, 8, 33, 4, 1, 30, 42, 34, 3, 22, 5, 23, 15, 46, 27, 39, 20, 7, 38, 17, 13, 6, 49, 43, 31, 48, 18, 29, 40, 0, 21, 10, 16, 24, 35, 26, 36, 47, 32, 12, 41]",True,200.0,0.2,1024
4,64,5666.682069370546,2412,12.5898790830106,"[25, 11, 19, 2, 37, 44, 45, 9, 28, 14, 8, 33, 4, 1, 30, 42, 34, 3, 22, 5, 23, 15, 46, 27, 39, 20, 7, 38, 17, 13, 6, 49, 43, 31, 48, 18, 29, 40, 0, 21, 10, 16, 24, 35, 26, 36, 47, 32, 12, 41]",True,200.0,0.2,1024
5,256,5666.682069370546,2412,12.5898790830106,"[25, 11, 19, 2, 37, 44, 45, 9, 28, 14, 8, 33, 4, 1, 30, 42, 34, 3, 22, 5, 23, 15, 46, 27, 39, 20, 7, 38, 17, 13, 6, 49, 43, 31, 48, 18, 29, 40, 0, 21, 10, 16, 24, 35, 26, 36, 47, 32, 12, 41]",True,200.0,0.2,1024
6,1024,5666.682069370546,2412,12.5898790830106,"[25, 11, 19, 2, 37, 44, 45, 9, 28, 14, 8, 33, 4, 1, 30, 42, 34, 3, 22, 5, 23, 15, 46, 27, 39, 20, 7, 38, 17, 13, 6, 49, 43, 31, 48, 18, 29, 40, 0, 21, 10, 16, 24, 35, 26, 36, 47, 32, 12, 41]",True,200.0,0.2,1024
