,Iteration,Fitness,FEvals,Time,State,Population Size,Mutation Rate,max_iters
0,0,1294.2527731920065,20,0.0002397080243099481,"[5, 6, 1, 7, 2, 9, 0, 8, 4, 3]",20.0,0.3,1024
1,1,1024.4705844600874,42,0.002040291001321748,"[4, 1, 2, 6, 3, 5, 0, 8, 7, 9]",20.0,0.3,1024
2,4,957.5512759485362,106,0.005152541009010747,"[4, 6, 1, 9, 0, 5, 3, 8, 2, 7]",20.0,0.3,1024
3,16,877.0753724046074,361,0.014015541004482657,"[9, 1, 4, 6, 0, 5, 3, 8, 2, 7]",20.0,0.3,1024
4,64,718.6772744381387,1374,0.045144125004298985,"[4, 1, 9, 6, 0, 3, 5, 2, 8, 7]",20.0,0.3,1024
5,256,718.6772744381387,2970,0.09325433301273733,"[4, 1, 9, 6, 0, 3, 5, 2, 8, 7]",20.0,0.3,1024
6,1024,718.6772744381387,2970,0.09325433301273733,"[4, 1, 9, 6, 0, 3, 5, 2, 8, 7]",20.0,0.3,1024
