,Iteration,Fitness,FEvals,Time,State,Population Size,Mutation Rate,max_iters
0,0,1692.0668149563062,20,0.00024174997815862298,"[5, 9, 2, 0, 4, 3, 8, 1, 7, 6]",20.0,0.3,1024
1,1,982.7674149882266,42,0.002022499975282699,"[4, 1, 9, 8, 0, 3, 5, 6, 2, 7]",20.0,0.3,1024
2,4,931.5018220059603,106,0.004840624984353781,"[8, 4, 1, 9, 0, 3, 5, 6, 2, 7]",20.0,0.3,1024
3,16,827.9654380492822,361,0.013089541986119002,"[8, 4, 1, 9, 6, 0, 3, 5, 2, 7]",20.0,0.3,1024
4,64,718.6772744381386,1370,0.04321220898418687,"[7, 4, 1, 9, 6, 0, 3, 5, 2, 8]",20.0,0.3,1024
5,256,718.6772744381386,2672,0.08212920898222364,"[7, 4, 1, 9, 6, 0, 3, 5, 2, 8]",20.0,0.3,1024
6,1024,718.6772744381386,2672,0.08212920898222364,"[7, 4, 1, 9, 6, 0, 3, 5, 2, 8]",20.0,0.3,1024
