,Iteration,Time,Fitness,FEvals,Population Size,Mutation Rate,max_iters
0,0,6.445799954235554e-05,5.0,0.0,200.0,0.3,1024
1,1,0.0033326660050079226,9.0,2.0,200.0,0.3,1024
