,Iteration,Fitness,FEvals,Time,State,use_fast_mimic,Population Size,Keep Percent,max_iters
0,0,17.0,0,6.675001350231469e-05,"[0, 1, 0, 1, 0, 1, 0, 1, 0, 1, 0, 1, 1, 0, 1, 0, 1, 1, 0, 1]",True,100.0,0.2,1024
1,1,17.0,1,0.0027934169920627028,"[0, 1, 0, 1, 0, 1, 0, 1, 0, 1, 0, 1, 1, 0, 1, 0, 1, 1, 0, 1]",True,100.0,0.2,1024
2,4,17.0,4,0.009047792002093047,"[0, 1, 0, 1, 0, 1, 0, 1, 0, 1, 0, 1, 1, 0, 1, 0, 1, 1, 0, 1]",True,100.0,0.2,1024
3,16,17.0,10,0.021878291998291388,"[0, 1, 0, 1, 0, 1, 0, 1, 0, 1, 0, 1, 1, 0, 1, 0, 1, 1, 0, 1]",True,100.0,0.2,1024
4,64,17.0,10,0.021878291998291388,"[0, 1, 0, 1, 0, 1, 0, 1, 0, 1, 0, 1, 1, 0, 1, 0, 1, 1, 0, 1]",True,100.0,0.2,1024
5,256,17.0,10,0.021878291998291388,"[0, 1, 0, 1, 0, 1, 0, 1, 0, 1, 0, 1, 1, 0, 1, 0, 1, 1, 0, 1]",True,100.0,0.2,1024
6,1024,17.0,10,0.021878291998291388,"[0, 1, 0, 1, 0, 1, 0, 1, 0, 1, 0, 1, 1, 0, 1, 0, 1, 1, 0, 1]",True,100.0,0.2,1024
