,Iteration,Fitness,FEvals,Time,State,Population Size,Mutation Rate,max_iters
0,0,1372.6868741929002,20,0.00024049999774433672,"[2, 1, 4, 9, 0, 7, 6, 8, 3, 5]",20.0,0.3,1024
1,1,1101.7671757660407,42,0.0019825839844997972,"[0, 2, 6, 4, 8, 7, 9, 1, 5, 3]",20.0,0.3,1024
2,4,991.1805990098538,106,0.004849374992772937,"[5, 6, 7, 4, 9, 1, 8, 2, 3, 0]",20.0,0.3,1024
3,16,882.4609642449243,362,0.013097291986923665,"[5, 0, 6, 2, 8, 7, 4, 9, 1, 3]",20.0,0.3,1024
4,64,718.6772744381386,1374,0.04338195899617858,"[0, 3, 5, 2, 8, 7, 4, 1, 9, 6]",20.0,0.3,1024
5,256,718.6772744381386,2886,0.08887612499529496,"[0, 3, 5, 2, 8, 7, 4, 1, 9, 6]",20.0,0.3,1024
6,1024,718.6772744381386,2886,0.08887612499529496,"[0, 3, 5, 2, 8, 7, 4, 1, 9, 6]",20.0,0.3,1024
