,Iteration,Fitness,FEvals,Time,State,Population Size,Mutation Rate,max_iters
0,0,1447.9329223690538,20,0.00025924999499693513,"[0, 5, 1, 7, 6, 3, 9, 2, 4, 8]",20.0,0.3,1024
1,1,1161.8371962001127,42,0.002019207982812077,"[5, 2, 1, 4, 8, 7, 9, 0, 3, 6]",20.0,0.3,1024
2,4,881.8516835133631,108,0.004846374999033287,"[5, 4, 1, 2, 8, 7, 9, 6, 0, 3]",20.0,0.3,1024
3,16,801.0163521317143,361,0.0129964999796357,"[5, 2, 8, 4, 1, 7, 9, 6, 0, 3]",20.0,0.3,1024
4,64,718.6772744381386,1371,0.0430712079978548,"[5, 2, 8, 7, 4, 1, 9, 6, 0, 3]",20.0,0.3,1024
5,256,718.6772744381386,3135,0.09559229097794741,"[5, 2, 8, 7, 4, 1, 9, 6, 0, 3]",20.0,0.3,1024
6,1024,718.6772744381386,3135,0.09559229097794741,"[5, 2, 8, 7, 4, 1, 9, 6, 0, 3]",20.0,0.3,1024
