,Iteration,Fitness,FEvals,Time,State,use_fast_mimic,Population Size,Keep Percent,max_iters
0,0,1447.9329223690538,200,0.00204529199982062,"[0, 5, 1, 7, 6, 3, 9, 2, 4, 8]",True,200.0,0.2,1024
1,1,870.0394071481963,402,0.03634699998656288,"[0, 9, 4, 7, 8, 2, 1, 6, 5, 3]",True,200.0,0.2,1024
2,4,799.7147814923094,1007,0.12888170898077078,"[2, 5, 3, 0, 9, 6, 1, 4, 7, 8]",True,200.0,0.2,1024
3,16,799.7147814923094,2816,0.3989010840014089,"[2, 5, 3, 0, 9, 6, 1, 4, 7, 8]",True,200.0,0.2,1024
4,64,799.7147814923094,2816,0.3989010840014089,"[2, 5, 3, 0, 9, 6, 1, 4, 7, 8]",True,200.0,0.2,1024
5,256,799.7147814923094,2816,0.3989010840014089,"[2, 5, 3, 0, 9, 6, 1, 4, 7, 8]",True,200.0,0.2,1024
6,1024,799.7147814923094,2816,0.3989010840014089,"[2, 5, 3, 0, 9, 6, 1, 4, 7, 8]",True,200.0,0.2,1024
