,Iteration,Fitness,FEvals,Time,State,use_fast_mimic,Population Size,Keep Percent,max_iters
0,0,8368.58033961272,200,0.004753457993501797,"[42, 13, 26, 41, 46, 43, 4, 28, 30, 54, 50, 38, 47, 5, 20, 18, 31, 49, 11, 15, 40, 33, 57, 53, 56, 7, 37, 51, 16, 58, 21, 9, 39, 6, 23, 48, 1, 45, 25, 27, 29, 12, 2, 32, 59, 52, 14, 34, 44, 8, 0, 22, 55, 17, 19, 10, 3, 24, 36, 35]",True,200.0,0.2,1024
1,1,6709.118472934916,402,0.9589129579835571,"[29, 42, 31, 20, 3, 53, 23, 14, 2, 32, 46, 40, 58, 11, 26, 33, 28, 43, 10, 45, 52, 24, 16, 34, 25, 1, 56, 13, 9, 38, 54, 27, 5, 35, 6, 19, 17, 48, 57, 8, 59, 22, 7, 0, 55, 50, 30, 39, 4, 51, 47, 15, 49, 21, 12, 37, 41, 18, 44, 36]",True,200.0,0.2,1024
2,4,6709.118472934916,1005,4.267718207993312,"[29, 42, 31, 20, 3, 53, 23, 14, 2, 32, 46, 40, 58, 11, 26, 33, 28, 43, 10, 45, 52, 24, 16, 34, 25, 1, 56, 13, 9, 38, 54, 27, 5, 35, 6, 19, 17, 48, 57, 8, 59, 22, 7, 0, 55, 50, 30, 39, 4, 51, 47, 15, 49, 21, 12, 37, 41, 18, 44, 36]",True,200.0,0.2,1024
3,16,6709.118472934916,2412,26.312407582998276,"[29, 42, 31, 20, 3, 53, 23, 14, 2, 32, 46, 40, 58, 11, 26, 33, 28, 43, 10, 45, 52, 24, 16, 34, 25, 1, 56, 13, 9, 38, 54, 27, 5, 35, 6, 19, 17, 48, 57, 8, 59, 22, 7, 0, 55, 50, 30, 39, 4, 51, 47, 15, 49, 21, 12, 37, 41, 18, 44, 36]",True,200.0,0.2,1024
4,64,6709.118472934916,2412,26.312407582998276,"[29, 42, 31, 20, 3, 53, 23, 14, 2, 32, 46, 40, 58, 11, 26, 33, 28, 43, 10, 45, 52, 24, 16, 34, 25, 1, 56, 13, 9, 38, 54, 27, 5, 35, 6, 19, 17, 48, 57, 8, 59, 22, 7, 0, 55, 50, 30, 39, 4, 51, 47, 15, 49, 21, 12, 37, 41, 18, 44, 36]",True,200.0,0.2,1024
5,256,6709.118472934916,2412,26.312407582998276,"[29, 42, 31, 20, 3, 53, 23, 14, 2, 32, 46, 40, 58, 11, 26, 33, 28, 43, 10, 45, 52, 24, 16, 34, 25, 1, 56, 13, 9, 38, 54, 27, 5, 35, 6, 19, 17, 48, 57, 8, 59, 22, 7, 0, 55, 50, 30, 39, 4, 51, 47, 15, 49, 21, 12, 37, 41, 18, 44, 36]",True,200.0,0.2,1024
6,1024,6709.118472934916,2412,26.312407582998276,"[29, 42, 31, 20, 3, 53, 23, 14, 2, 32, 46, 40, 58, 11, 26, 33, 28, 43, 10, 45, 52, 24, 16, 34, 25, 1, 56, 13, 9, 38, 54, 27, 5, 35, 6, 19, 17, 48, 57, 8, 59, 22, 7, 0, 55, 50, 30, 39, 4, 51, 47, 15, 49, 21, 12, 37, 41, 18, 44, 36]",True,200.0,0.2,1024
