,Iteration,Fitness,FEvals,Time,State,Population Size,Mutation Rate,max_iters
0,0,8291.32439645563,20,0.0005741250060964376,"[25, 8, 52, 42, 0, 10, 23, 58, 17, 41, 35, 47, 9, 50, 55, 16, 38, 12, 48, 28, 39, 44, 46, 21, 13, 54, 51, 40, 53, 3, 20, 49, 19, 31, 15, 26, 27, 7, 30, 45, 37, 6, 11, 22, 1, 57, 32, 2, 29, 5, 33, 18, 4, 43, 56, 34, 36, 24, 59, 14]",20.0,0.3,1024
1,1,7622.946177568888,42,0.003635250002844259,"[2, 22, 5, 20, 29, 21, 9, 28, 53, 45, 8, 37, 35, 3, 6, 26, 4, 54, 13, 46, 23, 7, 10, 32, 56, 57, 34, 55, 47, 38, 50, 16, 39, 49, 33, 41, 19, 36, 17, 48, 31, 11, 18, 27, 0, 12, 40, 25, 1, 44, 15, 43, 59, 51, 52, 24, 14, 30, 42, 58]",20.0,0.3,1024
2,4,6769.887885169536,108,0.01027595900814049,"[48, 20, 24, 4, 1, 40, 25, 44, 31, 53, 39, 0, 59, 9, 17, 45, 58, 38, 56, 32, 10, 26, 3, 18, 34, 6, 8, 22, 41, 43, 13, 37, 42, 36, 49, 12, 23, 5, 33, 50, 29, 46, 51, 30, 2, 7, 57, 14, 54, 52, 47, 19, 16, 11, 35, 28, 15, 27, 21, 55]",20.0,0.3,1024
3,16,6231.686212231597,368,0.03376733401091769,"[34, 6, 8, 36, 44, 41, 43, 13, 37, 42, 48, 20, 24, 4, 1, 40, 25, 31, 53, 39, 0, 59, 9, 17, 45, 58, 38, 56, 21, 32, 10, 26, 22, 3, 18, 49, 12, 23, 5, 33, 50, 29, 46, 51, 30, 28, 7, 57, 14, 54, 52, 47, 19, 16, 11, 35, 2, 15, 27, 55]",20.0,0.3,1024
4,64,4971.894862311239,1395,0.12316087502404116,"[34, 6, 1, 36, 44, 56, 43, 13, 37, 42, 41, 48, 47, 24, 4, 7, 40, 8, 25, 31, 16, 53, 27, 39, 0, 59, 9, 17, 45, 58, 38, 20, 22, 21, 32, 10, 26, 51, 18, 19, 49, 12, 3, 23, 46, 5, 55, 33, 50, 29, 30, 28, 57, 14, 54, 52, 11, 35, 2, 15]",20.0,0.3,1024
5,256,3613.635236071982,5460,0.4808247090259101,"[33, 6, 31, 40, 36, 57, 56, 44, 18, 50, 13, 37, 42, 41, 32, 24, 2, 59, 7, 8, 35, 1, 16, 19, 53, 3, 27, 39, 34, 48, 17, 45, 58, 38, 20, 22, 21, 47, 10, 43, 26, 49, 12, 23, 5, 55, 51, 0, 46, 28, 29, 30, 14, 9, 54, 52, 11, 25, 4, 15]",20.0,0.3,1024
6,1024,2806.8584816171297,21640,1.9647797090001404,"[32, 49, 26, 10, 16, 45, 57, 44, 56, 13, 37, 29, 41, 42, 30, 18, 50, 17, 36, 54, 38, 52, 24, 2, 4, 59, 7, 1, 35, 40, 31, 43, 12, 53, 3, 27, 48, 34, 58, 19, 15, 51, 20, 22, 21, 47, 6, 33, 39, 0, 5, 46, 55, 23, 28, 14, 9, 11, 25, 8]",20.0,0.3,1024
