,Iteration,Time,Fitness,FEvals,Population Size,Mutation Rate,max_iters
0,0,6.641601794399321e-05,6.0,0.0,200.0,0.3,1024
1,1,0.003370791004272178,9.0,2.0,200.0,0.3,1024
