,Iteration,Fitness,FEvals,Time,State,Population Size,Mutation Rate,max_iters
0,0,13.0,50,0.0003392910002730787,"[0, 1, 0, 0, 0, 1, 0, 0, 1, 1]",50.0,0.3,1024
1,1,17.0,102,0.002142874989658594,"[0, 0, 0, 1, 1, 1, 1, 1, 1, 1]",50.0,0.3,1024
2,4,17.0,255,0.0054452499898616225,"[0, 0, 0, 1, 1, 1, 1, 1, 1, 1]",50.0,0.3,1024
3,16,18.0,817,0.015046499989693984,"[0, 0, 1, 1, 1, 1, 1, 1, 1, 1]",50.0,0.3,1024
4,64,18.0,817,0.015046499989693984,"[0, 0, 1, 1, 1, 1, 1, 1, 1, 1]",50.0,0.3,1024
5,256,18.0,817,0.015046499989693984,"[0, 0, 1, 1, 1, 1, 1, 1, 1, 1]",50.0,0.3,1024
6,1024,18.0,817,0.015046499989693984,"[0, 0, 1, 1, 1, 1, 1, 1, 1, 1]",50.0,0.3,1024
