,Iteration,Fitness,FEvals,Time,State,Population Size,Mutation Rate,max_iters
0,0,3034.017461722735,20,0.0002962500147987157,"[18, 9, 10, 15, 12, 2, 16, 7, 4, 3, 8, 19, 1, 6, 11, 0, 17, 13, 5, 14]",20.0,0.3,1024
1,1,2246.4097182823443,42,0.002308458002517,"[12, 1, 7, 2, 8, 15, 13, 16, 11, 4, 0, 18, 6, 19, 9, 14, 10, 3, 17, 5]",20.0,0.3,1024
2,4,2221.4072969525887,106,0.00583579100202769,"[13, 8, 7, 11, 16, 5, 15, 4, 2, 1, 10, 9, 6, 19, 0, 17, 12, 18, 3, 14]",20.0,0.3,1024
3,16,1855.8843329883525,362,0.017185500008054078,"[12, 2, 7, 1, 8, 13, 10, 14, 17, 9, 19, 11, 16, 5, 15, 4, 6, 0, 3, 18]",20.0,0.3,1024
4,64,1438.6426681639502,1384,0.05906591599341482,"[18, 13, 19, 2, 7, 8, 1, 9, 14, 10, 17, 5, 15, 4, 11, 16, 6, 0, 3, 12]",20.0,0.3,1024
5,256,1238.0696025233012,5048,0.21152462501777336,"[0, 10, 19, 2, 7, 8, 1, 14, 9, 17, 6, 18, 12, 5, 15, 4, 11, 16, 13, 3]",20.0,0.3,1024
6,1024,1238.0696025233012,5048,0.21152462501777336,"[0, 10, 19, 2, 7, 8, 1, 14, 9, 17, 6, 18, 12, 5, 15, 4, 11, 16, 13, 3]",20.0,0.3,1024
