,Iteration,Fitness,FEvals,Time,State,Population Size,Mutation Rate,max_iters
0,0,13.0,50,0.0003461659944150597,"[1, 0, 0, 0, 1, 1, 0, 1, 0, 1]",50.0,0.3,1024
1,1,16.0,102,0.0021314159967005253,"[0, 0, 1, 1, 0, 0, 0, 0, 0, 0]",50.0,0.3,1024
2,4,18.0,256,0.005429125012597069,"[0, 0, 0, 0, 0, 0, 0, 0, 1, 1]",50.0,0.3,1024
3,16,18.0,664,0.012659041007282212,"[0, 0, 0, 0, 0, 0, 0, 0, 1, 1]",50.0,0.3,1024
4,64,18.0,664,0.012659041007282212,"[0, 0, 0, 0, 0, 0, 0, 0, 1, 1]",50.0,0.3,1024
5,256,18.0,664,0.012659041007282212,"[0, 0, 0, 0, 0, 0, 0, 0, 1, 1]",50.0,0.3,1024
6,1024,18.0,664,0.012659041007282212,"[0, 0, 0, 0, 0, 0, 0, 0, 1, 1]",50.0,0.3,1024
