,Iteration,Fitness,FEvals,Time,State,Population Size,Mutation Rate,max_iters
0,0,8847.58571377326,20,0.0006074999982956797,"[44, 31, 8, 55, 37, 16, 67, 34, 20, 9, 51, 18, 60, 66, 46, 48, 29, 36, 53, 38, 12, 14, 7, 68, 50, 39, 3, 0, 62, 58, 13, 59, 64, 10, 17, 63, 47, 54, 52, 33, 61, 30, 42, 32, 40, 41, 1, 25, 2, 15, 21, 27, 28, 5, 56, 22, 35, 26, 49, 11, 43, 23, 65, 4, 57, 45, 24, 6, 19, 69]",20.0,0.3,1024
1,1,8020.729075984373,42,0.004002415982540697,"[47, 57, 34, 5, 67, 25, 49, 8, 4, 1, 24, 19, 64, 27, 50, 30, 11, 23, 31, 40, 52, 32, 51, 42, 63, 16, 15, 9, 54, 37, 36, 12, 60, 29, 39, 28, 65, 7, 21, 59, 22, 0, 58, 14, 2, 17, 41, 55, 20, 45, 56, 10, 46, 53, 3, 44, 38, 6, 66, 68, 61, 43, 18, 13, 35, 33, 26, 69, 48, 62]",20.0,0.3,1024
2,4,7951.8711626429285,106,0.012078875006409362,"[23, 25, 38, 50, 58, 47, 20, 34, 5, 67, 49, 8, 4, 1, 24, 19, 64, 27, 30, 11, 31, 40, 52, 32, 51, 42, 63, 16, 15, 9, 54, 14, 36, 12, 60, 29, 39, 28, 65, 7, 21, 59, 22, 0, 37, 2, 17, 41, 55, 57, 45, 56, 10, 46, 53, 3, 44, 6, 66, 68, 61, 43, 18, 13, 62, 35, 33, 48, 26, 69]",20.0,0.3,1024
3,16,7249.69069857426,364,0.03833424998447299,"[7, 57, 34, 2, 25, 38, 50, 58, 20, 5, 67, 49, 8, 4, 1, 24, 55, 64, 27, 30, 51, 31, 40, 52, 32, 11, 42, 63, 16, 15, 9, 54, 14, 36, 12, 60, 29, 39, 28, 65, 47, 21, 59, 22, 0, 37, 23, 17, 35, 43, 19, 45, 56, 10, 46, 53, 3, 44, 6, 66, 68, 61, 18, 13, 62, 41, 33, 48, 26, 69]",20.0,0.3,1024
4,64,6164.83847918791,1389,0.13914620800642297,"[7, 57, 34, 2, 25, 38, 50, 18, 30, 5, 67, 49, 8, 11, 1, 24, 55, 64, 27, 20, 4, 31, 40, 52, 32, 51, 42, 63, 16, 15, 19, 54, 14, 36, 26, 41, 12, 29, 39, 22, 23, 65, 47, 21, 59, 0, 37, 28, 17, 35, 43, 9, 58, 45, 56, 10, 46, 53, 3, 33, 44, 6, 66, 68, 61, 13, 60, 62, 48, 69]",20.0,0.3,1024
5,256,4316.419374687915,5475,0.5397787909896579,"[19, 32, 57, 7, 2, 25, 38, 50, 26, 34, 30, 51, 5, 67, 49, 14, 11, 1, 24, 61, 46, 27, 20, 3, 18, 47, 4, 35, 31, 40, 52, 8, 16, 63, 44, 42, 15, 22, 65, 54, 59, 36, 37, 12, 41, 29, 39, 23, 64, 28, 0, 21, 13, 43, 17, 9, 58, 45, 56, 10, 55, 53, 62, 33, 6, 60, 66, 68, 48, 69]",20.0,0.3,1024
6,1024,3176.092057802906,21245,2.174349582986906,"[32, 19, 57, 8, 7, 58, 25, 24, 54, 47, 18, 60, 30, 64, 15, 37, 63, 14, 11, 1, 45, 16, 17, 26, 61, 46, 20, 3, 27, 34, 4, 35, 69, 40, 52, 2, 59, 36, 44, 41, 42, 12, 39, 22, 23, 67, 48, 13, 50, 49, 29, 51, 28, 5, 0, 21, 33, 6, 43, 9, 38, 10, 56, 66, 53, 62, 55, 68, 65, 31]",20.0,0.3,1024
