,Iteration,Fitness,FEvals,Time,State,use_fast_mimic,Population Size,Keep Percent,max_iters
0,0,8847.58571377326,200,0.005403459013905376,"[44, 31, 8, 55, 37, 16, 67, 34, 20, 9, 51, 18, 60, 66, 46, 48, 29, 36, 53, 38, 12, 14, 7, 68, 50, 39, 3, 0, 62, 58, 13, 59, 64, 10, 17, 63, 47, 54, 52, 33, 61, 30, 42, 32, 40, 41, 1, 25, 2, 15, 21, 27, 28, 5, 56, 22, 35, 26, 49, 11, 43, 23, 65, 4, 57, 45, 24, 6, 19, 69]",True,200.0,0.2,1024
1,1,7824.833036545205,402,1.746936084004119,"[62, 23, 22, 29, 58, 54, 52, 9, 53, 3, 43, 18, 28, 5, 33, 47, 13, 40, 38, 21, 44, 25, 65, 11, 1, 2, 42, 0, 17, 55, 61, 27, 24, 16, 41, 32, 37, 51, 30, 60, 39, 31, 64, 45, 7, 34, 67, 12, 15, 10, 14, 56, 36, 69, 19, 59, 6, 49, 20, 57, 50, 26, 35, 48, 66, 68, 46, 4, 63, 8]",True,200.0,0.2,1024
2,4,7824.833036545205,1005,8.352008499990916,"[62, 23, 22, 29, 58, 54, 52, 9, 53, 3, 43, 18, 28, 5, 33, 47, 13, 40, 38, 21, 44, 25, 65, 11, 1, 2, 42, 0, 17, 55, 61, 27, 24, 16, 41, 32, 37, 51, 30, 60, 39, 31, 64, 45, 7, 34, 67, 12, 15, 10, 14, 56, 36, 69, 19, 59, 6, 49, 20, 57, 50, 26, 35, 48, 66, 68, 46, 4, 63, 8]",True,200.0,0.2,1024
3,16,7824.833036545205,2412,49.4017059589969,"[62, 23, 22, 29, 58, 54, 52, 9, 53, 3, 43, 18, 28, 5, 33, 47, 13, 40, 38, 21, 44, 25, 65, 11, 1, 2, 42, 0, 17, 55, 61, 27, 24, 16, 41, 32, 37, 51, 30, 60, 39, 31, 64, 45, 7, 34, 67, 12, 15, 10, 14, 56, 36, 69, 19, 59, 6, 49, 20, 57, 50, 26, 35, 48, 66, 68, 46, 4, 63, 8]",True,200.0,0.2,1024
4,64,7824.833036545205,2412,49.4017059589969,"[62, 23, 22, 29, 58, 54, 52, 9, 53, 3, 43, 18, 28, 5, 33, 47, 13, 40, 38, 21, 44, 25, 65, 11, 1, 2, 42, 0, 17, 55, 61, 27, 24, 16, 41, 32, 37, 51, 30, 60, 39, 31, 64, 45, 7, 34, 67, 12, 15, 10, 14, 56, 36, 69, 19, 59, 6, 49, 20, 57, 50, 26, 35, 48, 66, 68, 46, 4, 63, 8]",True,200.0,0.2,1024
5,256,7824.833036545205,2412,49.4017059589969,"[62, 23, 22, 29, 58, 54, 52, 9, 53, 3, 43, 18, 28, 5, 33, 47, 13, 40, 38, 21, 44, 25, 65, 11, 1, 2, 42, 0, 17, 55, 61, 27, 24, 16, 41, 32, 37, 51, 30, 60, 39, 31, 64, 45, 7, 34, 67, 12, 15, 10, 14, 56, 36, 69, 19, 59, 6, 49, 20, 57, 50, 26, 35, 48, 66, 68, 46, 4, 63, 8]",True,200.0,0.2,1024
6,1024,7824.833036545205,2412,49.4017059589969,"[62, 23, 22, 29, 58, 54, 52, 9, 53, 3, 43, 18, 28, 5, 33, 47, 13, 40, 38, 21, 44, 25, 65, 11, 1, 2, 42, 0, 17, 55, 61, 27, 24, 16, 41, 32, 37, 51, 30, 60, 39, 31, 64, 45, 7, 34, 67, 12, 15, 10, 14, 56, 36, 69, 19, 59, 6, 49, 20, 57, 50, 26, 35, 48, 66, 68, 46, 4, 63, 8]",True,200.0,0.2,1024
