,Iteration,Fitness,FEvals,Time,State,Population Size,Mutation Rate,max_iters
0,0,7320.006005956761,20,0.0004962090170010924,"[0, 16, 21, 37, 44, 23, 38, 42, 10, 12, 27, 45, 41, 20, 48, 13, 17, 25, 3, 30, 19, 8, 31, 28, 15, 26, 7, 9, 40, 35, 39, 6, 11, 22, 1, 47, 32, 2, 29, 5, 33, 18, 4, 43, 46, 34, 36, 24, 49, 14]",20.0,0.3,1024
1,1,6002.706238742084,42,0.0032616670068819076,"[18, 12, 25, 5, 36, 32, 10, 33, 47, 19, 7, 1, 31, 24, 13, 8, 22, 27, 42, 34, 38, 44, 30, 2, 40, 48, 16, 14, 26, 17, 28, 46, 39, 9, 23, 43, 49, 11, 41, 15, 3, 20, 35, 4, 0, 29, 45, 21, 6, 37]",20.0,0.3,1024
2,4,5678.37105881624,107,0.009809792012674734,"[36, 32, 10, 33, 47, 6, 43, 42, 49, 34, 2, 15, 5, 48, 12, 25, 0, 18, 21, 45, 20, 30, 17, 27, 9, 1, 31, 3, 24, 7, 40, 26, 8, 19, 4, 44, 35, 11, 37, 41, 23, 38, 14, 16, 29, 39, 13, 28, 22, 46]",20.0,0.3,1024
3,16,5094.325663960036,366,0.030077167000854388,"[4, 25, 18, 12, 5, 31, 32, 10, 33, 20, 36, 46, 47, 19, 7, 1, 24, 13, 21, 22, 30, 34, 43, 11, 35, 2, 9, 6, 44, 26, 41, 42, 49, 27, 0, 14, 45, 15, 37, 40, 8, 38, 48, 16, 17, 28, 39, 23, 3, 29]",20.0,0.3,1024
4,64,4243.314573496608,1391,0.10818420900614001,"[4, 25, 18, 12, 20, 5, 1, 32, 31, 36, 10, 33, 29, 47, 19, 7, 24, 13, 48, 3, 42, 21, 22, 30, 34, 43, 11, 40, 38, 2, 9, 6, 44, 37, 41, 49, 46, 0, 15, 45, 14, 26, 8, 35, 16, 17, 28, 23, 39, 27]",20.0,0.3,1024
5,256,3112.593086030871,5457,0.4772479170060251,"[27, 0, 44, 14, 18, 12, 48, 49, 25, 35, 32, 31, 36, 10, 29, 15, 33, 8, 24, 7, 4, 47, 13, 6, 41, 3, 42, 30, 21, 22, 20, 46, 5, 34, 43, 17, 2, 40, 9, 38, 19, 26, 37, 45, 11, 1, 16, 28, 39, 23]",20.0,0.3,1024
6,1024,2484.2613288971716,19309,1.574795084015932,"[27, 0, 41, 10, 17, 21, 12, 34, 49, 14, 1, 35, 16, 32, 31, 36, 43, 29, 15, 33, 47, 8, 24, 7, 4, 6, 13, 37, 48, 18, 5, 3, 42, 30, 20, 22, 46, 26, 44, 2, 40, 9, 19, 38, 45, 11, 25, 28, 39, 23]",20.0,0.3,1024
