,Iteration,Fitness,FEvals,Time,State,use_fast_mimic,Population Size,Keep Percent,max_iters
0,0,7320.006005956761,200,0.0042692910064943135,"[0, 16, 21, 37, 44, 23, 38, 42, 10, 12, 27, 45, 41, 20, 48, 13, 17, 25, 3, 30, 19, 8, 31, 28, 15, 26, 7, 9, 40, 35, 39, 6, 11, 22, 1, 47, 32, 2, 29, 5, 33, 18, 4, 43, 46, 34, 36, 24, 49, 14]",True,200.0,0.2,1024
1,1,5785.503213240894,402,0.6378101249865722,"[4, 32, 43, 21, 6, 47, 41, 31, 17, 12, 33, 29, 15, 0, 19, 35, 45, 11, 30, 36, 40, 39, 44, 9, 10, 20, 8, 38, 42, 1, 24, 2, 16, 25, 37, 7, 14, 34, 3, 49, 18, 5, 48, 28, 46, 27, 26, 13, 22, 23]",True,200.0,0.2,1024
2,4,5785.503213240894,1005,2.4040144580067135,"[4, 32, 43, 21, 6, 47, 41, 31, 17, 12, 33, 29, 15, 0, 19, 35, 45, 11, 30, 36, 40, 39, 44, 9, 10, 20, 8, 38, 42, 1, 24, 2, 16, 25, 37, 7, 14, 34, 3, 49, 18, 5, 48, 28, 46, 27, 26, 13, 22, 23]",True,200.0,0.2,1024
3,16,5785.503213240894,2412,13.540620332991239,"[4, 32, 43, 21, 6, 47, 41, 31, 17, 12, 33, 29, 15, 0, 19, 35, 45, 11, 30, 36, 40, 39, 44, 9, 10, 20, 8, 38, 42, 1, 24, 2, 16, 25, 37, 7, 14, 34, 3, 49, 18, 5, 48, 28, 46, 27, 26, 13, 22, 23]",True,200.0,0.2,1024
4,64,5785.503213240894,2412,13.540620332991239,"[4, 32, 43, 21, 6, 47, 41, 31, 17, 12, 33, 29, 15, 0, 19, 35, 45, 11, 30, 36, 40, 39, 44, 9, 10, 20, 8, 38, 42, 1, 24, 2, 16, 25, 37, 7, 14, 34, 3, 49, 18, 5, 48, 28, 46, 27, 26, 13, 22, 23]",True,200.0,0.2,1024
5,256,5785.503213240894,2412,13.540620332991239,"[4, 32, 43, 21, 6, 47, 41, 31, 17, 12, 33, 29, 15, 0, 19, 35, 45, 11, 30, 36, 40, 39, 44, 9, 10, 20, 8, 38, 42, 1, 24, 2, 16, 25, 37, 7, 14, 34, 3, 49, 18, 5, 48, 28, 46, 27, 26, 13, 22, 23]",True,200.0,0.2,1024
6,1024,5785.503213240894,2412,13.540620332991239,"[4, 32, 43, 21, 6, 47, 41, 31, 17, 12, 33, 29, 15, 0, 19, 35, 45, 11, 30, 36, 40, 39, 44, 9, 10, 20, 8, 38, 42, 1, 24, 2, 16, 25, 37, 7, 14, 34, 3, 49, 18, 5, 48, 28, 46, 27, 26, 13, 22, 23]",True,200.0,0.2,1024
