,Iteration,Fitness,FEvals,Time,State,use_fast_mimic,Population Size,Keep Percent,max_iters
0,0,1692.0668149563062,200,0.002041291998466477,"[5, 9, 2, 0, 4, 3, 8, 1, 7, 6]",True,200.0,0.2,1024
1,1,878.4765514225996,402,0.032930541987298056,"[5, 3, 6, 9, 7, 2, 8, 4, 1, 0]",True,200.0,0.2,1024
2,4,841.9488298135244,1006,0.12134137499378994,"[5, 6, 2, 8, 7, 1, 4, 9, 0, 3]",True,200.0,0.2,1024
3,16,841.9488298135244,2614,0.3624224170052912,"[5, 6, 2, 8, 7, 1, 4, 9, 0, 3]",True,200.0,0.2,1024
4,64,841.9488298135244,2614,0.3624224170052912,"[5, 6, 2, 8, 7, 1, 4, 9, 0, 3]",True,200.0,0.2,1024
5,256,841.9488298135244,2614,0.3624224170052912,"[5, 6, 2, 8, 7, 1, 4, 9, 0, 3]",True,200.0,0.2,1024
6,1024,841.9488298135244,2614,0.3624224170052912,"[5, 6, 2, 8, 7, 1, 4, 9, 0, 3]",True,200.0,0.2,1024
