,Iteration,Fitness,FEvals,Time,State,Population Size,Mutation Rate,max_iters
0,0,4201.975904351994,20,0.00036287499824538827,"[8, 12, 16, 22, 23, 21, 2, 7, 14, 29, 9, 18, 26, 3, 10, 1, 17, 11, 20, 4, 25, 0, 27, 15, 24, 13, 6, 28, 19, 5]",20.0,0.3,1024
1,1,3617.3561713606346,42,0.0026205829926766455,"[3, 27, 28, 8, 24, 10, 6, 9, 23, 15, 5, 21, 14, 1, 20, 19, 0, 26, 18, 12, 16, 2, 7, 4, 25, 29, 11, 17, 22, 13]",20.0,0.3,1024
2,4,3241.8542197087354,108,0.006956416997127235,"[16, 3, 27, 28, 8, 24, 10, 6, 9, 23, 15, 5, 21, 14, 1, 2, 19, 25, 11, 20, 12, 18, 13, 26, 7, 4, 22, 0, 29, 17]",20.0,0.3,1024
3,16,2848.969650199301,365,0.021156957984203473,"[3, 27, 28, 8, 24, 10, 6, 9, 13, 19, 1, 14, 15, 5, 21, 20, 23, 0, 26, 18, 12, 16, 29, 2, 4, 25, 11, 7, 17, 22]",20.0,0.3,1024
4,64,2220.6789450478536,1385,0.07897158298874274,"[5, 29, 28, 26, 2, 8, 24, 10, 6, 9, 16, 7, 11, 1, 14, 15, 27, 20, 3, 23, 0, 12, 18, 21, 19, 13, 4, 25, 17, 22]",20.0,0.3,1024
5,256,1683.5922650146815,5437,0.2930476249894127,"[5, 28, 15, 29, 10, 2, 8, 1, 24, 14, 6, 26, 13, 19, 7, 11, 4, 17, 22, 20, 3, 23, 0, 12, 18, 21, 9, 16, 25, 27]",20.0,0.3,1024
6,1024,1671.9518342753415,8274,0.4481428749859333,"[5, 28, 15, 29, 10, 2, 8, 1, 24, 14, 6, 26, 13, 19, 7, 11, 4, 17, 22, 20, 3, 23, 0, 12, 18, 9, 25, 16, 21, 27]",20.0,0.3,1024
