,Iteration,Fitness,FEvals,Time,State,use_fast_mimic,Population Size,Keep Percent,max_iters
0,0,4201.975904351994,200,0.003143208014080301,"[8, 12, 16, 22, 23, 21, 2, 7, 14, 29, 9, 18, 26, 3, 10, 1, 17, 11, 20, 4, 25, 0, 27, 15, 24, 13, 6, 28, 19, 5]",True,200.0,0.2,1024
1,1,3059.698440186292,402,0.20192708302056417,"[23, 2, 8, 25, 11, 1, 7, 13, 6, 0, 27, 5, 15, 28, 3, 21, 9, 12, 16, 24, 14, 19, 26, 10, 4, 22, 20, 29, 18, 17]",True,200.0,0.2,1024
2,4,2872.2069877578765,1007,0.7430791250080802,"[14, 7, 11, 19, 13, 16, 1, 24, 22, 27, 29, 18, 23, 0, 20, 25, 17, 4, 8, 9, 3, 12, 21, 15, 5, 28, 6, 10, 2, 26]",True,200.0,0.2,1024
3,16,2819.5513562243,3219,4.1806206250039395,"[14, 7, 11, 19, 13, 16, 1, 24, 22, 15, 29, 18, 23, 0, 20, 25, 17, 4, 8, 9, 3, 12, 21, 27, 5, 28, 6, 10, 2, 26]",True,200.0,0.2,1024
4,64,2819.5513562243,3219,4.1806206250039395,"[14, 7, 11, 19, 13, 16, 1, 24, 22, 15, 29, 18, 23, 0, 20, 25, 17, 4, 8, 9, 3, 12, 21, 27, 5, 28, 6, 10, 2, 26]",True,200.0,0.2,1024
5,256,2819.5513562243,3219,4.1806206250039395,"[14, 7, 11, 19, 13, 16, 1, 24, 22, 15, 29, 18, 23, 0, 20, 25, 17, 4, 8, 9, 3, 12, 21, 27, 5, 28, 6, 10, 2, 26]",True,200.0,0.2,1024
6,1024,2819.5513562243,3219,4.1806206250039395,"[14, 7, 11, 19, 13, 16, 1, 24, 22, 15, 29, 18, 23, 0, 20, 25, 17, 4, 8, 9, 3, 12, 21, 27, 5, 28, 6, 10, 2, 26]",True,200.0,0.2,1024
