,Iteration,Fitness,FEvals,Time,State,Population Size,Mutation Rate,max_iters
0,0,3.0,50,0.0003837910189758986,"[0, 1, 1, 1, 0, 1, 0, 1, 1, 0, 1, 1, 0, 1, 0, 1, 0, 1, 0, 1]",50.0,0.3,1024
1,1,31.0,102,0.002235541003756225,"[1, 0, 1, 0, 1, 1, 1, 0, 0, 0, 0, 0, 0, 0, 0, 0, 0, 0, 1, 1]",50.0,0.3,1024
2,4,31.0,255,0.005690083024092019,"[1, 0, 1, 0, 1, 1, 1, 0, 0, 0, 0, 0, 0, 0, 0, 0, 0, 0, 1, 1]",50.0,0.3,1024
3,16,35.0,869,0.017001958010951057,"[1, 1, 1, 0, 1, 0, 0, 0, 0, 0, 0, 0, 0, 0, 0, 0, 0, 0, 0, 0]",50.0,0.3,1024
4,64,35.0,1379,0.027975125005468726,"[1, 1, 1, 0, 1, 0, 0, 0, 0, 0, 0, 0, 0, 0, 0, 0, 0, 0, 0, 0]",50.0,0.3,1024
5,256,35.0,1379,0.027975125005468726,"[1, 1, 1, 0, 1, 0, 0, 0, 0, 0, 0, 0, 0, 0, 0, 0, 0, 0, 0, 0]",50.0,0.3,1024
6,1024,35.0,1379,0.027975125005468726,"[1, 1, 1, 0, 1, 0, 0, 0, 0, 0, 0, 0, 0, 0, 0, 0, 0, 0, 0, 0]",50.0,0.3,1024
