,Iteration,Time,Fitness,FEvals,Population Size,Mutation Rate,max_iters
0,0,6.749999010935426e-05,6.0,0.0,200.0,0.3,1024
1,1,0.003368000005139038,8.0,2.0,200.0,0.3,1024
2,2,0.00652629099204205,8.0,3.0,200.0,0.3,1024
3,3,0.008762165991356596,8.0,4.0,200.0,0.3,1024
4,4,0.010934124991763383,9.0,6.0,200.0,0.3,1024
