,Iteration,Fitness,FEvals,Time,State,use_fast_mimic,Population Size,Keep Percent,max_iters
0,0,2391.5844463137505,200,0.0025990839931182563,"[12, 8, 1, 16, 9, 3, 14, 13, 10, 17, 4, 15, 18, 19, 2, 7, 0, 11, 6, 5]",True,200.0,0.2,1024
1,1,2024.4451130955042,402,0.07162720899214037,"[14, 0, 12, 5, 15, 4, 13, 17, 18, 3, 10, 16, 11, 1, 2, 7, 19, 6, 8, 9]",True,200.0,0.2,1024
2,4,1771.350982905117,1006,0.2767006669891998,"[12, 18, 13, 9, 19, 10, 6, 11, 15, 4, 16, 1, 8, 2, 7, 0, 3, 14, 17, 5]",True,200.0,0.2,1024
3,16,1706.2732719478013,3421,1.2180648339854088,"[8, 7, 2, 1, 19, 9, 14, 17, 13, 5, 16, 6, 12, 15, 18, 0, 3, 10, 4, 11]",True,200.0,0.2,1024
4,64,1706.2732719478013,3823,1.4079584589926526,"[8, 7, 2, 1, 19, 9, 14, 17, 13, 5, 16, 6, 12, 15, 18, 0, 3, 10, 4, 11]",True,200.0,0.2,1024
5,256,1706.2732719478013,3823,1.4079584589926526,"[8, 7, 2, 1, 19, 9, 14, 17, 13, 5, 16, 6, 12, 15, 18, 0, 3, 10, 4, 11]",True,200.0,0.2,1024
6,1024,1706.2732719478013,3823,1.4079584589926526,"[8, 7, 2, 1, 19, 9, 14, 17, 13, 5, 16, 6, 12, 15, 18, 0, 3, 10, 4, 11]",True,200.0,0.2,1024
