,Iteration,Fitness,FEvals,Time,State,Population Size,Mutation Rate,max_iters
0,0,9141.71726713358,20,0.0006689160072710365,"[13, 14, 38, 26, 21, 25, 40, 47, 65, 68, 17, 5, 2, 69, 6, 1, 9, 64, 49, 67, 36, 10, 27, 22, 0, 18, 33, 41, 56, 19, 4, 16, 28, 37, 29, 48, 20, 30, 61, 46, 34, 51, 53, 52, 66, 35, 23, 42, 55, 59, 43, 45, 24, 15, 7, 32, 63, 44, 50, 62, 11, 58, 8, 60, 3, 57, 39, 54, 12, 31]",20.0,0.3,1024
1,1,7786.980498215624,42,0.004554665996693075,"[1, 11, 45, 26, 4, 47, 62, 43, 48, 22, 23, 35, 44, 57, 13, 32, 38, 58, 12, 39, 18, 55, 53, 19, 7, 14, 15, 30, 41, 36, 64, 16, 29, 0, 21, 42, 61, 28, 8, 50, 59, 2, 25, 65, 52, 69, 60, 6, 5, 49, 10, 51, 54, 17, 37, 56, 3, 27, 40, 9, 33, 67, 46, 68, 63, 66, 24, 31, 20, 34]",20.0,0.3,1024
2,4,7643.047729774774,106,0.01226420802413486,"[1, 11, 45, 26, 4, 47, 62, 43, 48, 22, 23, 35, 44, 24, 13, 32, 38, 58, 12, 39, 18, 55, 53, 19, 7, 14, 15, 30, 41, 36, 64, 16, 29, 0, 21, 42, 61, 28, 8, 50, 59, 2, 25, 65, 52, 69, 60, 6, 5, 49, 10, 51, 54, 17, 37, 56, 3, 27, 40, 9, 33, 67, 46, 68, 63, 66, 57, 31, 20, 34]",20.0,0.3,1024
3,16,7080.4436616922085,365,0.039435416023479775,"[1, 11, 45, 26, 4, 47, 62, 43, 48, 22, 23, 35, 44, 24, 13, 32, 57, 9, 58, 38, 12, 39, 18, 55, 53, 19, 7, 14, 41, 30, 15, 36, 64, 16, 29, 0, 21, 42, 68, 28, 33, 50, 54, 59, 40, 8, 2, 25, 65, 52, 69, 60, 6, 5, 49, 10, 51, 17, 37, 56, 3, 27, 67, 46, 61, 66, 34, 31, 20, 63]",20.0,0.3,1024
4,64,5755.0744391123335,1391,0.1411554160004016,"[1, 11, 45, 26, 57, 47, 62, 18, 48, 43, 22, 23, 21, 44, 24, 69, 32, 4, 9, 58, 49, 39, 12, 42, 28, 55, 53, 46, 35, 19, 50, 37, 29, 14, 15, 30, 41, 36, 16, 64, 0, 61, 38, 8, 7, 59, 2, 25, 65, 52, 17, 60, 6, 56, 10, 33, 54, 31, 13, 40, 5, 51, 3, 27, 67, 68, 66, 34, 20, 63]",20.0,0.3,1024
5,256,3996.5278591332208,5465,0.5414095830055885,"[1, 11, 45, 35, 57, 47, 34, 18, 48, 13, 26, 22, 23, 41, 44, 9, 2, 69, 32, 4, 19, 43, 50, 49, 39, 12, 42, 28, 55, 53, 46, 60, 61, 37, 29, 63, 15, 30, 33, 36, 16, 56, 10, 64, 0, 21, 40, 8, 7, 58, 24, 59, 25, 38, 52, 17, 6, 65, 54, 31, 67, 51, 5, 62, 20, 3, 27, 66, 68, 14]",20.0,0.3,1024
6,1024,3085.53952923817,21645,2.1892107500170823,"[1, 11, 45, 8, 35, 32, 47, 34, 18, 48, 13, 33, 41, 23, 22, 39, 12, 15, 52, 40, 57, 69, 4, 19, 65, 43, 50, 26, 49, 29, 42, 67, 64, 5, 66, 62, 55, 60, 61, 6, 44, 63, 36, 14, 56, 10, 37, 28, 51, 0, 30, 21, 17, 9, 38, 7, 58, 24, 25, 59, 2, 54, 31, 46, 20, 27, 3, 53, 68, 16]",20.0,0.3,1024
