,Iteration,Fitness,FEvals,Time,State,Population Size,Mutation Rate,max_iters
0,0,3.0,50,0.0003185829846188426,"[1, 1, 1, 0, 1, 1, 0, 1, 1, 0]",50.0,0.3,1024
1,1,16.0,102,0.0021205829980317503,"[1, 1, 0, 0, 1, 1, 1, 1, 1, 1]",50.0,0.3,1024
2,4,17.0,256,0.005447832983918488,"[1, 0, 0, 1, 1, 1, 1, 1, 1, 1]",50.0,0.3,1024
3,16,18.0,869,0.016320041002472863,"[1, 1, 1, 1, 1, 1, 1, 1, 0, 0]",50.0,0.3,1024
4,64,18.0,1073,0.021288332995027304,"[1, 1, 1, 1, 1, 1, 1, 1, 0, 0]",50.0,0.3,1024
5,256,18.0,1073,0.021288332995027304,"[1, 1, 1, 1, 1, 1, 1, 1, 0, 0]",50.0,0.3,1024
6,1024,18.0,1073,0.021288332995027304,"[1, 1, 1, 1, 1, 1, 1, 1, 0, 0]",50.0,0.3,1024
