,Iteration,Fitness,FEvals,Time,State,use_fast_mimic,Population Size,Keep Percent,max_iters
0,0,3.0,200,0.001215833006426692,"[1, 1, 1, 0, 1, 1, 0, 1, 1, 0]",True,200.0,0.2,1024
1,1,17.0,402,0.0040339999832212925,"[1.0, 0.0, 0.0, 1.0, 1.0, 1.0, 1.0, 1.0, 1.0, 1.0]",True,200.0,0.2,1024
2,4,18.0,1006,0.009953166998457164,"[0.0, 0.0, 1.0, 1.0, 1.0, 1.0, 1.0, 1.0, 1.0, 1.0]",True,200.0,0.2,1024
3,16,18.0,2815,0.026777833001688123,"[0.0, 0.0, 1.0, 1.0, 1.0, 1.0, 1.0, 1.0, 1.0, 1.0]",True,200.0,0.2,1024
4,64,18.0,2815,0.026777833001688123,"[0.0, 0.0, 1.0, 1.0, 1.0, 1.0, 1.0, 1.0, 1.0, 1.0]",True,200.0,0.2,1024
5,256,18.0,2815,0.026777833001688123,"[0.0, 0.0, 1.0, 1.0, 1.0, 1.0, 1.0, 1.0, 1.0, 1.0]",True,200.0,0.2,1024
6,1024,18.0,2815,0.026777833001688123,"[0.0, 0.0, 1.0, 1.0, 1.0, 1.0, 1.0, 1.0, 1.0, 1.0]",True,200.0,0.2,1024
