,Iteration,Fitness,FEvals,Time,State,use_fast_mimic,Population Size,Keep Percent,max_iters
0,0,6720.094526337153,200,0.004325791000155732,"[47, 7, 30, 13, 39, 48, 34, 29, 44, 31, 20, 42, 41, 33, 3, 12, 38, 14, 18, 36, 10, 0, 8, 9, 17, 1, 25, 16, 40, 2, 43, 21, 46, 28, 49, 37, 22, 35, 26, 11, 23, 4, 32, 15, 24, 45, 27, 6, 19, 5]",True,200.0,0.2,1024
1,1,5501.593711184931,402,0.5439425410004333,"[43, 45, 46, 47, 7, 41, 42, 12, 25, 11, 24, 6, 8, 19, 28, 38, 15, 27, 13, 18, 20, 17, 5, 30, 35, 1, 16, 49, 40, 21, 31, 0, 22, 48, 44, 34, 36, 3, 39, 23, 33, 26, 10, 14, 9, 2, 4, 29, 37, 32]",True,200.0,0.2,1024
2,4,5501.593711184931,1005,3.007473416015273,"[43, 45, 46, 47, 7, 41, 42, 12, 25, 11, 24, 6, 8, 19, 28, 38, 15, 27, 13, 18, 20, 17, 5, 30, 35, 1, 16, 49, 40, 21, 31, 0, 22, 48, 44, 34, 36, 3, 39, 23, 33, 26, 10, 14, 9, 2, 4, 29, 37, 32]",True,200.0,0.2,1024
3,16,5501.593711184931,2412,14.211288165999576,"[43, 45, 46, 47, 7, 41, 42, 12, 25, 11, 24, 6, 8, 19, 28, 38, 15, 27, 13, 18, 20, 17, 5, 30, 35, 1, 16, 49, 40, 21, 31, 0, 22, 48, 44, 34, 36, 3, 39, 23, 33, 26, 10, 14, 9, 2, 4, 29, 37, 32]",True,200.0,0.2,1024
4,64,5501.593711184931,2412,14.211288165999576,"[43, 45, 46, 47, 7, 41, 42, 12, 25, 11, 24, 6, 8, 19, 28, 38, 15, 27, 13, 18, 20, 17, 5, 30, 35, 1, 16, 49, 40, 21, 31, 0, 22, 48, 44, 34, 36, 3, 39, 23, 33, 26, 10, 14, 9, 2, 4, 29, 37, 32]",True,200.0,0.2,1024
5,256,5501.593711184931,2412,14.211288165999576,"[43, 45, 46, 47, 7, 41, 42, 12, 25, 11, 24, 6, 8, 19, 28, 38, 15, 27, 13, 18, 20, 17, 5, 30, 35, 1, 16, 49, 40, 21, 31, 0, 22, 48, 44, 34, 36, 3, 39, 23, 33, 26, 10, 14, 9, 2, 4, 29, 37, 32]",True,200.0,0.2,1024
6,1024,5501.593711184931,2412,14.211288165999576,"[43, 45, 46, 47, 7, 41, 42, 12, 25, 11, 24, 6, 8, 19, 28, 38, 15, 27, 13, 18, 20, 17, 5, 30, 35, 1, 16, 49, 40, 21, 31, 0, 22, 48, 44, 34, 36, 3, 39, 23, 33, 26, 10, 14, 9, 2, 4, 29, 37, 32]",True,200.0,0.2,1024
