,Iteration,Fitness,FEvals,Time,State,use_fast_mimic,Population Size,Keep Percent,max_iters
0,0,4424.23043037748,200,0.0032010000140871853,"[16, 17, 13, 9, 22, 21, 3, 10, 7, 15, 8, 19, 28, 23, 6, 12, 20, 0, 25, 5, 1, 18, 27, 11, 26, 2, 4, 24, 29, 14]",True,200.0,0.2,1024
1,1,3260.7725387841083,402,0.15203191700857133,"[17, 7, 26, 13, 6, 27, 5, 15, 28, 0, 20, 24, 8, 29, 22, 1, 18, 14, 4, 21, 19, 23, 3, 9, 25, 16, 11, 12, 2, 10]",True,200.0,0.2,1024
2,4,2976.4027623562056,1008,0.682109124987619,"[20, 0, 12, 13, 26, 14, 25, 11, 21, 8, 19, 6, 5, 29, 2, 24, 10, 27, 22, 28, 9, 4, 7, 1, 15, 17, 23, 18, 16, 3]",True,200.0,0.2,1024
3,16,2975.726179557607,3421,3.5126739169936627,"[20, 0, 18, 13, 26, 14, 25, 11, 21, 8, 19, 6, 28, 29, 2, 24, 10, 27, 22, 3, 9, 4, 7, 1, 15, 17, 23, 12, 16, 5]",True,200.0,0.2,1024
4,64,2975.726179557607,3622,3.791943624994019,"[20, 0, 18, 13, 26, 14, 25, 11, 21, 8, 19, 6, 28, 29, 2, 24, 10, 27, 22, 3, 9, 4, 7, 1, 15, 17, 23, 12, 16, 5]",True,200.0,0.2,1024
5,256,2975.726179557607,3622,3.791943624994019,"[20, 0, 18, 13, 26, 14, 25, 11, 21, 8, 19, 6, 28, 29, 2, 24, 10, 27, 22, 3, 9, 4, 7, 1, 15, 17, 23, 12, 16, 5]",True,200.0,0.2,1024
6,1024,2975.726179557607,3622,3.791943624994019,"[20, 0, 18, 13, 26, 14, 25, 11, 21, 8, 19, 6, 28, 29, 2, 24, 10, 27, 22, 3, 9, 4, 7, 1, 15, 17, 23, 12, 16, 5]",True,200.0,0.2,1024
