,Iteration,Fitness,FEvals,Time,State,use_fast_mimic,Population Size,Keep Percent,max_iters
0,0,2692.2100544202003,200,0.002525999996578321,"[2, 10, 14, 11, 12, 8, 18, 19, 16, 1, 7, 4, 9, 17, 0, 3, 15, 13, 6, 5]",True,200.0,0.2,1024
1,1,1864.762087652977,402,0.0753362920077052,"[3, 16, 8, 1, 2, 10, 9, 7, 19, 14, 17, 13, 5, 6, 11, 4, 15, 18, 12, 0]",True,200.0,0.2,1024
2,4,1864.762087652977,1005,0.32259170900215395,"[3, 16, 8, 1, 2, 10, 9, 7, 19, 14, 17, 13, 5, 6, 11, 4, 15, 18, 12, 0]",True,200.0,0.2,1024
3,16,1864.762087652977,2412,1.0746451249870006,"[3, 16, 8, 1, 2, 10, 9, 7, 19, 14, 17, 13, 5, 6, 11, 4, 15, 18, 12, 0]",True,200.0,0.2,1024
4,64,1864.762087652977,2412,1.0746451249870006,"[3, 16, 8, 1, 2, 10, 9, 7, 19, 14, 17, 13, 5, 6, 11, 4, 15, 18, 12, 0]",True,200.0,0.2,1024
5,256,1864.762087652977,2412,1.0746451249870006,"[3, 16, 8, 1, 2, 10, 9, 7, 19, 14, 17, 13, 5, 6, 11, 4, 15, 18, 12, 0]",True,200.0,0.2,1024
6,1024,1864.762087652977,2412,1.0746451249870006,"[3, 16, 8, 1, 2, 10, 9, 7, 19, 14, 17, 13, 5, 6, 11, 4, 15, 18, 12, 0]",True,200.0,0.2,1024
