,Iteration,Fitness,FEvals,Time,State,Population Size,Mutation Rate,max_iters
0,0,1315.876954389335,20,0.00029466699925251305,"[1, 9, 8, 4, 5, 3, 2, 6, 0, 7]",20.0,0.3,1024
1,1,1081.6574789524936,42,0.002272125013405457,"[7, 0, 3, 5, 6, 8, 9, 4, 1, 2]",20.0,0.3,1024
2,4,952.6257528753927,106,0.0055560840119142085,"[7, 0, 3, 5, 6, 1, 4, 2, 8, 9]",20.0,0.3,1024
3,16,862.0430418782546,362,0.015074750001076609,"[6, 0, 3, 5, 9, 1, 4, 2, 8, 7]",20.0,0.3,1024
4,64,718.6772744381387,1373,0.04800570901716128,"[2, 5, 3, 0, 6, 9, 1, 4, 7, 8]",20.0,0.3,1024
5,256,718.6772744381387,2906,0.0987820420123171,"[2, 5, 3, 0, 6, 9, 1, 4, 7, 8]",20.0,0.3,1024
6,1024,718.6772744381387,2906,0.0987820420123171,"[2, 5, 3, 0, 6, 9, 1, 4, 7, 8]",20.0,0.3,1024
