,Iteration,Fitness,FEvals,Time,State,use_fast_mimic,Population Size,Keep Percent,max_iters
0,0,1315.876954389335,200,0.0020800000056624413,"[1, 9, 8, 4, 5, 3, 2, 6, 0, 7]",True,200.0,0.2,1024
1,1,802.8924286534868,402,0.03517558300518431,"[0, 3, 5, 9, 2, 8, 7, 4, 1, 6]",True,200.0,0.2,1024
2,4,802.8924286534868,1005,0.12731220800196752,"[0, 3, 5, 9, 2, 8, 7, 4, 1, 6]",True,200.0,0.2,1024
3,16,802.8924286534868,2412,0.344617416994879,"[0, 3, 5, 9, 2, 8, 7, 4, 1, 6]",True,200.0,0.2,1024
4,64,802.8924286534868,2412,0.344617416994879,"[0, 3, 5, 9, 2, 8, 7, 4, 1, 6]",True,200.0,0.2,1024
5,256,802.8924286534868,2412,0.344617416994879,"[0, 3, 5, 9, 2, 8, 7, 4, 1, 6]",True,200.0,0.2,1024
6,1024,802.8924286534868,2412,0.344617416994879,"[0, 3, 5, 9, 2, 8, 7, 4, 1, 6]",True,200.0,0.2,1024
