,Iteration,Fitness,FEvals,Time,State,use_fast_mimic,Population Size,Keep Percent,max_iters
0,0,7411.563710672168,200,0.00419316699844785,"[33, 38, 15, 4, 43, 39, 5, 13, 18, 11, 16, 47, 7, 28, 21, 40, 26, 31, 44, 37, 9, 6, 30, 41, 46, 23, 1, 48, 25, 20, 27, 29, 12, 2, 32, 49, 42, 14, 34, 8, 0, 22, 45, 17, 19, 10, 3, 24, 36, 35]",True,200.0,0.2,1024
1,1,5643.055204819167,402,0.5387533339962829,"[20, 21, 29, 13, 9, 45, 11, 25, 44, 48, 49, 30, 27, 19, 0, 28, 37, 18, 42, 17, 3, 46, 26, 34, 1, 8, 47, 39, 4, 12, 41, 15, 6, 22, 16, 10, 40, 43, 24, 23, 2, 38, 7, 31, 35, 36, 14, 5, 33, 32]",True,200.0,0.2,1024
2,4,5641.095529849473,1006,2.974196374998428,"[44, 13, 15, 11, 12, 5, 10, 40, 7, 4, 32, 43, 46, 47, 1, 8, 28, 39, 20, 41, 45, 29, 25, 27, 33, 17, 30, 18, 37, 49, 16, 14, 3, 22, 42, 21, 36, 34, 31, 35, 26, 38, 24, 48, 0, 9, 2, 23, 6, 19]",True,200.0,0.2,1024
3,16,5641.095529849473,2614,15.765530459000729,"[44, 13, 15, 11, 12, 5, 10, 40, 7, 4, 32, 43, 46, 47, 1, 8, 28, 39, 20, 41, 45, 29, 25, 27, 33, 17, 30, 18, 37, 49, 16, 14, 3, 22, 42, 21, 36, 34, 31, 35, 26, 38, 24, 48, 0, 9, 2, 23, 6, 19]",True,200.0,0.2,1024
4,64,5641.095529849473,2614,15.765530459000729,"[44, 13, 15, 11, 12, 5, 10, 40, 7, 4, 32, 43, 46, 47, 1, 8, 28, 39, 20, 41, 45, 29, 25, 27, 33, 17, 30, 18, 37, 49, 16, 14, 3, 22, 42, 21, 36, 34, 31, 35, 26, 38, 24, 48, 0, 9, 2, 23, 6, 19]",True,200.0,0.2,1024
5,256,5641.095529849473,2614,15.765530459000729,"[44, 13, 15, 11, 12, 5, 10, 40, 7, 4, 32, 43, 46, 47, 1, 8, 28, 39, 20, 41, 45, 29, 25, 27, 33, 17, 30, 18, 37, 49, 16, 14, 3, 22, 42, 21, 36, 34, 31, 35, 26, 38, 24, 48, 0, 9, 2, 23, 6, 19]",True,200.0,0.2,1024
6,1024,5641.095529849473,2614,15.765530459000729,"[44, 13, 15, 11, 12, 5, 10, 40, 7, 4, 32, 43, 46, 47, 1, 8, 28, 39, 20, 41, 45, 29, 25, 27, 33, 17, 30, 18, 37, 49, 16, 14, 3, 22, 42, 21, 36, 34, 31, 35, 26, 38, 24, 48, 0, 9, 2, 23, 6, 19]",True,200.0,0.2,1024
