,Iteration,Fitness,FEvals,Time,State,Population Size,Mutation Rate,max_iters
0,0,24.0,50,0.0004385830252431333,"[0, 1, 0, 0, 0, 0, 1, 1, 1, 1, 0, 0, 0, 1, 1, 0, 0, 1, 0, 1]",50.0,0.3,1024
1,1,30.0,102,0.002433250017929822,"[0, 1, 1, 0, 1, 1, 1, 1, 0, 0, 0, 0, 0, 0, 0, 0, 0, 0, 1, 0]",50.0,0.3,1024
2,4,31.0,256,0.0062130410224199295,"[1, 1, 0, 0, 0, 1, 1, 0, 1, 1, 1, 1, 1, 1, 1, 1, 1, 1, 1, 0]",50.0,0.3,1024
3,16,33.0,870,0.018251291010528803,"[0, 1, 1, 1, 0, 0, 1, 0, 0, 0, 0, 0, 0, 0, 0, 0, 0, 0, 0, 0]",50.0,0.3,1024
4,64,36.0,1688,0.033943000016734004,"[1, 1, 1, 1, 0, 0, 0, 0, 0, 0, 0, 0, 0, 0, 0, 0, 0, 0, 0, 0]",50.0,0.3,1024
5,256,36.0,1688,0.033943000016734004,"[1, 1, 1, 1, 0, 0, 0, 0, 0, 0, 0, 0, 0, 0, 0, 0, 0, 0, 0, 0]",50.0,0.3,1024
6,1024,36.0,1688,0.033943000016734004,"[1, 1, 1, 1, 0, 0, 0, 0, 0, 0, 0, 0, 0, 0, 0, 0, 0, 0, 0, 0]",50.0,0.3,1024
