,Iteration,Time,Fitness,FEvals,Population Size,Mutation Rate,max_iters
0,0,6.700001540593803e-05,3.0,0.0,200.0,0.3,1024
1,1,0.0033427500165998936,8.0,2.0,200.0,0.3,1024
2,2,0.006535916996654123,9.0,4.0,200.0,0.3,1024
