,Iteration,Fitness,FEvals,Time,State,use_fast_mimic,Population Size,Keep Percent,max_iters
0,0,7976.687516203508,200,0.004717125004390255,"[34, 4, 58, 19, 28, 13, 6, 59, 47, 24, 36, 48, 31, 55, 33, 16, 9, 44, 53, 42, 20, 43, 56, 23, 52, 10, 5, 37, 15, 45, 57, 29, 49, 17, 8, 27, 40, 1, 12, 41, 2, 35, 25, 50, 30, 54, 21, 22, 7, 26, 11, 32, 51, 3, 18, 38, 0, 14, 39, 46]",True,200.0,0.2,1024
1,1,7049.245964640416,402,1.0354313330026343,"[14, 39, 42, 11, 25, 35, 45, 27, 53, 49, 58, 46, 26, 59, 47, 37, 13, 44, 24, 32, 56, 57, 9, 5, 38, 10, 52, 29, 1, 4, 7, 50, 19, 30, 48, 17, 36, 18, 3, 23, 34, 51, 20, 0, 28, 41, 55, 8, 43, 15, 6, 31, 12, 22, 16, 21, 40, 2, 54, 33]",True,200.0,0.2,1024
2,4,7049.245964640416,1005,4.948929667007178,"[14, 39, 42, 11, 25, 35, 45, 27, 53, 49, 58, 46, 26, 59, 47, 37, 13, 44, 24, 32, 56, 57, 9, 5, 38, 10, 52, 29, 1, 4, 7, 50, 19, 30, 48, 17, 36, 18, 3, 23, 34, 51, 20, 0, 28, 41, 55, 8, 43, 15, 6, 31, 12, 22, 16, 21, 40, 2, 54, 33]",True,200.0,0.2,1024
3,16,7049.245964640416,2412,24.94503433300997,"[14, 39, 42, 11, 25, 35, 45, 27, 53, 49, 58, 46, 26, 59, 47, 37, 13, 44, 24, 32, 56, 57, 9, 5, 38, 10, 52, 29, 1, 4, 7, 50, 19, 30, 48, 17, 36, 18, 3, 23, 34, 51, 20, 0, 28, 41, 55, 8, 43, 15, 6, 31, 12, 22, 16, 21, 40, 2, 54, 33]",True,200.0,0.2,1024
4,64,7049.245964640416,2412,24.94503433300997,"[14, 39, 42, 11, 25, 35, 45, 27, 53, 49, 58, 46, 26, 59, 47, 37, 13, 44, 24, 32, 56, 57, 9, 5, 38, 10, 52, 29, 1, 4, 7, 50, 19, 30, 48, 17, 36, 18, 3, 23, 34, 51, 20, 0, 28, 41, 55, 8, 43, 15, 6, 31, 12, 22, 16, 21, 40, 2, 54, 33]",True,200.0,0.2,1024
5,256,7049.245964640416,2412,24.94503433300997,"[14, 39, 42, 11, 25, 35, 45, 27, 53, 49, 58, 46, 26, 59, 47, 37, 13, 44, 24, 32, 56, 57, 9, 5, 38, 10, 52, 29, 1, 4, 7, 50, 19, 30, 48, 17, 36, 18, 3, 23, 34, 51, 20, 0, 28, 41, 55, 8, 43, 15, 6, 31, 12, 22, 16, 21, 40, 2, 54, 33]",True,200.0,0.2,1024
6,1024,7049.245964640416,2412,24.94503433300997,"[14, 39, 42, 11, 25, 35, 45, 27, 53, 49, 58, 46, 26, 59, 47, 37, 13, 44, 24, 32, 56, 57, 9, 5, 38, 10, 52, 29, 1, 4, 7, 50, 19, 30, 48, 17, 36, 18, 3, 23, 34, 51, 20, 0, 28, 41, 55, 8, 43, 15, 6, 31, 12, 22, 16, 21, 40, 2, 54, 33]",True,200.0,0.2,1024
