,Iteration,Fitness,FEvals,Time,State,Population Size,Mutation Rate,max_iters
0,0,17.0,0,8.958400576375425e-05,"[0, 1, 0, 1, 0, 1, 0, 1, 0, 1, 0, 1, 1, 0, 1, 0, 1, 1, 0, 1]",200.0,0.3,1024
1,1,17.0,1,0.003504833992337808,"[0, 1, 0, 1, 0, 1, 0, 1, 0, 1, 0, 1, 1, 0, 1, 0, 1, 1, 0, 1]",200.0,0.3,1024
2,4,17.0,4,0.011329959001159295,"[0, 1, 0, 1, 0, 1, 0, 1, 0, 1, 0, 1, 1, 0, 1, 0, 1, 1, 0, 1]",200.0,0.3,1024
3,16,19.0,11,0.02370120899286121,"[0.0, 1.0, 0.0, 1.0, 0.0, 1.0, 0.0, 1.0, 0.0, 1.0, 0.0, 1.0, 0.0, 1.0, 0.0, 1.0, 0.0, 1.0, 0.0, 1.0]",200.0,0.3,1024
4,64,19.0,11,0.02370120899286121,"[0.0, 1.0, 0.0, 1.0, 0.0, 1.0, 0.0, 1.0, 0.0, 1.0, 0.0, 1.0, 0.0, 1.0, 0.0, 1.0, 0.0, 1.0, 0.0, 1.0]",200.0,0.3,1024
5,256,19.0,11,0.02370120899286121,"[0.0, 1.0, 0.0, 1.0, 0.0, 1.0, 0.0, 1.0, 0.0, 1.0, 0.0, 1.0, 0.0, 1.0, 0.0, 1.0, 0.0, 1.0, 0.0, 1.0]",200.0,0.3,1024
6,1024,19.0,11,0.02370120899286121,"[0.0, 1.0, 0.0, 1.0, 0.0, 1.0, 0.0, 1.0, 0.0, 1.0, 0.0, 1.0, 0.0, 1.0, 0.0, 1.0, 0.0, 1.0, 0.0, 1.0]",200.0,0.3,1024
