,Iteration,Time,Fitness,FEvals,Population Size,Mutation Rate,max_iters
0,0,6.224997923709452e-05,5.0,0.0,200.0,0.3,1024
1,1,0.003299332980532199,8.0,2.0,200.0,0.3,1024
2,2,0.006413790979422629,9.0,4.0,200.0,0.3,1024
