,Iteration,Fitness,FEvals,Time,State,Population Size,Mutation Rate,max_iters
0,0,5.0,0,6.224997923709452e-05,"[1, 1, 1, 0, 1, 1, 0, 1, 1, 0]",200.0,0.3,1024
1,1,8.0,2,0.003299332980532199,"[1.0, 0.0, 0.0, 1.0, 0.0, 1.0, 0.0, 1.0, 0.0, 1.0]",200.0,0.3,1024
2,4,9.0,4,0.006413790979422629,"[0.0, 1.0, 0.0, 1.0, 0.0, 1.0, 0.0, 1.0, 0.0, 1.0]",200.0,0.3,1024
3,16,9.0,4,0.006413790979422629,"[0.0, 1.0, 0.0, 1.0, 0.0, 1.0, 0.0, 1.0, 0.0, 1.0]",200.0,0.3,1024
4,64,9.0,4,0.006413790979422629,"[0.0, 1.0, 0.0, 1.0, 0.0, 1.0, 0.0, 1.0, 0.0, 1.0]",200.0,0.3,1024
5,256,9.0,4,0.006413790979422629,"[0.0, 1.0, 0.0, 1.0, 0.0, 1.0, 0.0, 1.0, 0.0, 1.0]",200.0,0.3,1024
6,1024,9.0,4,0.006413790979422629,"[0.0, 1.0, 0.0, 1.0, 0.0, 1.0, 0.0, 1.0, 0.0, 1.0]",200.0,0.3,1024
