,Iteration,Fitness,FEvals,Time,State,Population Size,Mutation Rate,max_iters
0,0,5670.7718185867,20,0.0004273749946150929,"[14, 35, 37, 28, 31, 12, 33, 18, 30, 36, 38, 20, 7, 10, 0, 8, 9, 1, 16, 2, 34, 21, 39, 25, 22, 3, 26, 17, 29, 11, 23, 13, 4, 32, 15, 24, 27, 6, 19, 5]",20.0,0.3,1024
1,1,4761.747770833132,42,0.002948000008473173,"[7, 26, 5, 31, 2, 11, 32, 29, 16, 34, 14, 4, 17, 20, 36, 15, 21, 23, 22, 28, 33, 3, 8, 9, 35, 38, 6, 39, 10, 13, 1, 24, 27, 30, 12, 18, 0, 37, 25, 19]",20.0,0.3,1024
2,4,4310.531242950446,107,0.008028916985495016,"[15, 11, 14, 25, 24, 37, 12, 36, 21, 1, 8, 20, 23, 18, 9, 2, 7, 38, 4, 35, 26, 22, 13, 10, 17, 29, 5, 31, 32, 16, 34, 28, 33, 30, 39, 27, 3, 0, 19, 6]",20.0,0.3,1024
3,16,3990.883541623676,362,0.02593383300700225,"[39, 11, 14, 25, 24, 37, 12, 36, 21, 1, 8, 20, 23, 5, 9, 2, 7, 38, 4, 35, 26, 15, 13, 10, 17, 29, 18, 31, 32, 16, 33, 34, 28, 30, 22, 27, 3, 0, 19, 6]",20.0,0.3,1024
4,64,3424.7616285398053,1383,0.09397799998987466,"[15, 35, 14, 25, 11, 24, 37, 12, 10, 32, 1, 8, 19, 23, 39, 36, 9, 2, 7, 38, 4, 26, 13, 31, 17, 29, 18, 5, 21, 16, 33, 34, 28, 30, 22, 27, 3, 0, 20, 6]",20.0,0.3,1024
5,256,2266.5213083087947,5453,0.35774404200492427,"[15, 32, 4, 25, 1, 11, 24, 2, 36, 9, 8, 7, 35, 10, 37, 12, 23, 39, 21, 16, 38, 14, 30, 26, 6, 13, 31, 19, 17, 29, 5, 18, 33, 34, 0, 3, 28, 22, 27, 20]",20.0,0.3,1024
6,1024,1827.69230585264,21608,1.4535472920106258,"[21, 9, 4, 25, 7, 8, 11, 24, 2, 36, 32, 1, 35, 10, 37, 12, 29, 17, 19, 14, 38, 16, 31, 13, 6, 26, 15, 30, 39, 0, 33, 34, 18, 5, 23, 3, 27, 22, 28, 20]",20.0,0.3,1024
