,Iteration,Time,Fitness,FEvals,Population Size,Mutation Rate,max_iters
0,0,6.3000014051795e-05,3.0,0.0,200.0,0.3,1024
1,1,0.003330083010951057,8.0,2.0,200.0,0.3,1024
2,2,0.006520958006149158,9.0,4.0,200.0,0.3,1024
