,Iteration,Fitness,FEvals,Time,State,use_fast_mimic,Population Size,Keep Percent,max_iters
0,0,3.0,0,5.49999822396785e-05,"[0, 0, 0, 0, 0, 0, 1, 0, 0, 1]",True,100.0,0.2,1024
1,1,9.0,2,0.0021868750045541674,"[0.0, 1.0, 0.0, 1.0, 0.0, 1.0, 0.0, 1.0, 0.0, 1.0]",True,100.0,0.2,1024
2,4,9.0,2,0.0021868750045541674,"[0.0, 1.0, 0.0, 1.0, 0.0, 1.0, 0.0, 1.0, 0.0, 1.0]",True,100.0,0.2,1024
3,16,9.0,2,0.0021868750045541674,"[0.0, 1.0, 0.0, 1.0, 0.0, 1.0, 0.0, 1.0, 0.0, 1.0]",True,100.0,0.2,1024
4,64,9.0,2,0.0021868750045541674,"[0.0, 1.0, 0.0, 1.0, 0.0, 1.0, 0.0, 1.0, 0.0, 1.0]",True,100.0,0.2,1024
5,256,9.0,2,0.0021868750045541674,"[0.0, 1.0, 0.0, 1.0, 0.0, 1.0, 0.0, 1.0, 0.0, 1.0]",True,100.0,0.2,1024
6,1024,9.0,2,0.0021868750045541674,"[0.0, 1.0, 0.0, 1.0, 0.0, 1.0, 0.0, 1.0, 0.0, 1.0]",True,100.0,0.2,1024
