,Iteration,Fitness,FEvals,Time,State,Population Size,Mutation Rate,max_iters
0,0,9137.072423766736,20,0.0005501669947989285,"[41, 6, 13, 2, 5, 1, 55, 57, 58, 42, 9, 59, 18, 26, 27, 14, 21, 28, 25, 29, 48, 33, 4, 16, 19, 22, 37, 10, 0, 20, 36, 46, 30, 38, 40, 34, 56, 45, 49, 35, 23, 47, 51, 43, 24, 15, 7, 32, 52, 44, 50, 53, 11, 8, 3, 17, 39, 54, 12, 31]",20.0,0.3,1024
1,1,7154.054041413638,42,0.0038850420096423477,"[7, 34, 22, 57, 55, 51, 54, 56, 44, 14, 18, 48, 36, 2, 41, 47, 42, 13, 9, 50, 38, 6, 1, 10, 19, 12, 37, 26, 23, 3, 29, 31, 20, 45, 32, 15, 33, 46, 43, 27, 52, 40, 39, 30, 59, 35, 8, 25, 24, 5, 0, 53, 28, 17, 16, 4, 49, 21, 58, 11]",20.0,0.3,1024
2,4,7154.054041413638,105,0.010655207996023819,"[7, 34, 22, 57, 55, 51, 54, 56, 44, 14, 18, 48, 36, 2, 41, 47, 42, 13, 9, 50, 38, 6, 1, 10, 19, 12, 37, 26, 23, 3, 29, 31, 20, 45, 32, 15, 33, 46, 43, 27, 52, 40, 39, 30, 59, 35, 8, 25, 24, 5, 0, 53, 28, 17, 16, 4, 49, 21, 58, 11]",20.0,0.3,1024
3,16,6190.9816033176985,363,0.034588333015562966,"[7, 34, 22, 0, 55, 51, 54, 56, 44, 14, 18, 48, 20, 58, 35, 52, 3, 41, 30, 40, 57, 45, 1, 29, 5, 36, 2, 47, 42, 13, 9, 50, 38, 6, 10, 19, 12, 37, 28, 23, 31, 32, 15, 33, 46, 43, 27, 39, 59, 8, 25, 24, 53, 26, 17, 16, 4, 49, 21, 11]",20.0,0.3,1024
4,64,5262.057362169816,1385,0.127152125001885,"[7, 40, 31, 0, 22, 55, 51, 54, 56, 44, 14, 18, 48, 20, 34, 17, 58, 35, 52, 43, 41, 5, 30, 45, 42, 29, 3, 36, 2, 59, 1, 13, 57, 9, 50, 38, 6, 47, 26, 10, 19, 12, 37, 28, 23, 32, 15, 33, 53, 46, 27, 39, 8, 25, 24, 4, 16, 49, 21, 11]",20.0,0.3,1024
5,256,3618.639512145181,5458,0.48559379202197306,"[7, 16, 40, 31, 20, 22, 55, 0, 51, 9, 56, 44, 50, 18, 48, 34, 17, 58, 35, 54, 52, 43, 12, 23, 3, 29, 37, 42, 30, 19, 2, 38, 14, 13, 57, 45, 1, 59, 32, 21, 6, 47, 49, 26, 10, 36, 41, 28, 5, 46, 39, 15, 33, 27, 53, 4, 8, 24, 25, 11]",20.0,0.3,1024
6,1024,2696.6990786544607,21641,1.9688773750094697,"[7, 1, 59, 33, 20, 22, 55, 39, 51, 44, 14, 56, 50, 18, 48, 34, 17, 16, 40, 38, 52, 54, 12, 23, 5, 53, 3, 27, 28, 42, 37, 29, 30, 41, 13, 9, 58, 57, 45, 35, 4, 24, 2, 32, 6, 49, 47, 21, 26, 10, 31, 19, 36, 43, 15, 46, 0, 25, 8, 11]",20.0,0.3,1024
