,Iteration,Fitness,FEvals,Time,State,use_fast_mimic,Population Size,Keep Percent,max_iters
0,0,9137.072423766736,200,0.004840916983084753,"[41, 6, 13, 2, 5, 1, 55, 57, 58, 42, 9, 59, 18, 26, 27, 14, 21, 28, 25, 29, 48, 33, 4, 16, 19, 22, 37, 10, 0, 20, 36, 46, 30, 38, 40, 34, 56, 45, 49, 35, 23, 47, 51, 43, 24, 15, 7, 32, 52, 44, 50, 53, 11, 8, 3, 17, 39, 54, 12, 31]",True,200.0,0.2,1024
1,1,6965.9458889980215,402,0.9673272919899318,"[46, 19, 38, 7, 56, 51, 27, 22, 11, 8, 24, 34, 10, 16, 1, 40, 35, 41, 30, 44, 6, 20, 39, 26, 31, 18, 0, 25, 59, 52, 23, 45, 47, 21, 49, 3, 42, 36, 54, 28, 32, 33, 15, 17, 50, 29, 5, 2, 43, 48, 13, 12, 9, 55, 4, 58, 14, 53, 37, 57]",True,200.0,0.2,1024
2,4,6653.83875543297,1006,6.073610958002973,"[46, 28, 18, 7, 56, 51, 27, 22, 11, 8, 24, 34, 10, 16, 1, 40, 35, 38, 30, 29, 6, 20, 39, 26, 31, 19, 0, 25, 59, 52, 23, 45, 47, 21, 49, 3, 42, 36, 57, 4, 32, 33, 15, 17, 50, 44, 5, 2, 43, 48, 13, 12, 9, 55, 54, 58, 14, 53, 37, 41]",True,200.0,0.2,1024
3,16,6653.83875543297,2614,31.310022999998182,"[46, 28, 18, 7, 56, 51, 27, 22, 11, 8, 24, 34, 10, 16, 1, 40, 35, 38, 30, 29, 6, 20, 39, 26, 31, 19, 0, 25, 59, 52, 23, 45, 47, 21, 49, 3, 42, 36, 57, 4, 32, 33, 15, 17, 50, 44, 5, 2, 43, 48, 13, 12, 9, 55, 54, 58, 14, 53, 37, 41]",True,200.0,0.2,1024
4,64,6653.83875543297,2614,31.310022999998182,"[46, 28, 18, 7, 56, 51, 27, 22, 11, 8, 24, 34, 10, 16, 1, 40, 35, 38, 30, 29, 6, 20, 39, 26, 31, 19, 0, 25, 59, 52, 23, 45, 47, 21, 49, 3, 42, 36, 57, 4, 32, 33, 15, 17, 50, 44, 5, 2, 43, 48, 13, 12, 9, 55, 54, 58, 14, 53, 37, 41]",True,200.0,0.2,1024
5,256,6653.83875543297,2614,31.310022999998182,"[46, 28, 18, 7, 56, 51, 27, 22, 11, 8, 24, 34, 10, 16, 1, 40, 35, 38, 30, 29, 6, 20, 39, 26, 31, 19, 0, 25, 59, 52, 23, 45, 47, 21, 49, 3, 42, 36, 57, 4, 32, 33, 15, 17, 50, 44, 5, 2, 43, 48, 13, 12, 9, 55, 54, 58, 14, 53, 37, 41]",True,200.0,0.2,1024
6,1024,6653.83875543297,2614,31.310022999998182,"[46, 28, 18, 7, 56, 51, 27, 22, 11, 8, 24, 34, 10, 16, 1, 40, 35, 38, 30, 29, 6, 20, 39, 26, 31, 19, 0, 25, 59, 52, 23, 45, 47, 21, 49, 3, 42, 36, 57, 4, 32, 33, 15, 17, 50, 44, 5, 2, 43, 48, 13, 12, 9, 55, 54, 58, 14, 53, 37, 41]",True,200.0,0.2,1024
