,Iteration,Time,Fitness,FEvals,Population Size,Mutation Rate,max_iters
0,0,9.024998871609569e-05,13.0,0.0,200.0,0.3,1024
1,1,0.003472540993243456,15.0,2.0,200.0,0.3,1024
2,2,0.006831999984569848,17.0,4.0,200.0,0.3,1024
3,3,0.009118832997046411,17.0,5.0,200.0,0.3,1024
4,4,0.01142566598718986,17.0,6.0,200.0,0.3,1024
5,5,0.014654665981652215,18.0,8.0,200.0,0.3,1024
6,6,0.016984749992843717,18.0,9.0,200.0,0.3,1024
7,7,0.01924045800114982,19.0,11.0,200.0,0.3,1024
